step,Activations/actor/compressor.2/dead_ratio,Activations/actor/compressor.2/mean,Activations/actor/compressor.2/std,Activations/actor/decoder.2/dead_ratio,Activations/actor/decoder.2/mean,Activations/actor/decoder.2/std,Activations/actor/decompressor.1/dead_ratio,Activations/actor/decompressor.1/mean,Activations/actor/decompressor.1/std,Activations/actor/encoder.2/dead_ratio,Activations/actor/encoder.2/mean,Activations/actor/encoder.2/std,Activations/actor/encoder.6/dead_ratio,Activations/actor/encoder.6/mean,Activations/actor/encoder.6/std,Episode/action_mean,Episode/action_std,Episode/actor_loss,Episode/best_reward,Episode/critic_loss,Episode/dpdx_max,Episode/dpdx_mean,Episode/dpdx_min,Episode/noise_scale,Episode/q_value,Episode/reward,Episode/spatial_loss,Episode/steps,Episode/temporal_loss,Episode/zero_loss,Gradients/Actor/global_norm,Gradients/Actor/gnn_grad_norm,Gradients/Actor/is_exploding,Gradients/Actor/is_vanishing,Gradients/Critic/global_norm,Gradients/Critic/is_exploding,Gradients/Critic/is_vanishing,Training/actor_lr,Training/critic_lr,Training/gradient_clip,Weights/Actor/gnn_weight_norm
1,,,,,,,,,,,,,,,,-0.29006096720695496,0.4577651619911194,,-1953.9700927734375,,-0.0012869418133050203,-0.008756732568144798,-11.834807395935059,0.09942600876092911,,-1953.9700927734375,,1801.0,,,,,,,,,,,,,
2,,,,,,,,,,,,,,,,-0.29036590456962585,0.4599685072898865,,1276.1248779296875,,-0.0010724186431616545,-0.0012240285286679864,-0.0014022135874256492,0.09885530918836594,,1276.1248779296875,,1801.0,,,,,,,,,,,,,
3,,,,,,,,,,,,,,,,-0.29016348719596863,0.45915964245796204,,1320.17822265625,,-0.0010351956589147449,-0.0011212944518774748,-0.0012378414394333959,0.09828788787126541,,1320.17822265625,,1801.0,,,,,,,,,,,,,
4,,,,,,,,,,,,,,,,-0.3109264075756073,0.36796829104423523,0.5201243162155151,,1938.0782470703125,-0.000955227529630065,-0.005102258175611496,-0.010755214840173721,0.09772372245788574,0.9425844550132751,-386.8968811035156,0.039888978004455566,1801.0,0.11498550325632095,0.10639137029647827,,,,,,,,,,,
5,,,,,,,,,,,,,,,,-0.33081305027008057,0.4359857141971588,-0.28950414061546326,,1937.864990234375,-0.006493250373750925,-0.008522660471498966,-0.010864709503948689,0.09716279804706573,1.4201099872589111,-1853.59814453125,0.03094877116382122,1801.0,0.08513093739748001,0.11742953956127167,,,,,,,,,,,
6,,,,,,,,,,,,,,,,-0.32362130284309387,0.4155327379703522,-0.010219747200608253,,0.11665590852499008,-0.005950507242232561,-0.008155266754329205,-0.010424009524285793,0.096605084836483,1.0417284965515137,-1696.0560302734375,0.03087775409221649,1801.0,0.07541865110397339,0.12657815217971802,,,,,,,,,,,
7,,,,,,,,,,,,,,,,-0.320748507976532,0.393291711807251,0.6435169577598572,,0.14910128712654114,-0.006094519514590502,-0.007743922062218189,-0.010545549914240837,0.09605058282613754,0.3087693154811859,-1519.66748046875,0.0285393875092268,1801.0,0.0683564618229866,0.13167643547058105,,,,,,,,,,,
8,,,,,,,,,,,,,,,,-0.32246461510658264,0.3734215795993805,1.5349647998809814,,1291.8831787109375,-0.006027168594300747,-0.007460910826921463,-0.009512091986835003,0.09549926221370697,-0.6462327837944031,-1398.3096923828125,0.02618873491883278,1801.0,0.06279643625020981,0.13302573561668396,,,,,,,,,,,
9,,,,,,,,,,,,,,,,-0.3208109736442566,0.36419612169265747,2.6083383560180664,,1291.863037109375,-0.005933952983468771,-0.007310621440410614,-0.009152606129646301,0.0949511006474495,-1.7688852548599243,-1333.864013671875,0.02486298233270645,1801.0,0.05845049023628235,0.13468696177005768,,,,,,,,,,,
10,,,,,,,,,,,,,,,,-0.3156803846359253,0.354160875082016,3.772714853286743,,0.3811066746711731,-0.00578546104952693,-0.007127575576305389,-0.008773607201874256,0.09440609067678452,-2.9680378437042236,-1255.372314453125,0.023377547040581703,1801.0,0.0551418699324131,0.13410182297229767,,,,,,,,,,,
11,,,,,,,,,,,,,,,,-0.3169991672039032,0.3408944606781006,4.820993423461914,,646.5748901367188,-0.006010748445987701,-0.0072947340086102486,-0.00905246939510107,0.09386420249938965,-4.04539155960083,-1327.051513671875,0.022978531196713448,1801.0,0.05299554765224457,0.13412141799926758,,,,,,,,,,,
12,,,,,,,,,,,,,,,,-0.31415751576423645,0.334066241979599,6.010720729827881,,646.14794921875,-0.005043422803282738,-0.006651000585407019,-0.008481482975184917,0.0933254286646843,-5.261655807495117,-1051.012451171875,0.02199532277882099,1801.0,0.05078599229454994,0.13439728319644928,,,,,,,,,,,
13,,,,,,,,,,,,,,,,-0.31438523530960083,0.32457616925239563,7.326350688934326,,0.9090673327445984,-0.0049227578565478325,-0.0063682664185762405,-0.008272767998278141,0.09278974682092667,-6.603696823120117,-929.7732543945312,0.021944310516119003,1801.0,0.04889195039868355,0.13414882123470306,,,,,,,,,,,
14,,,,,,,,,,,,,,,,-0.34827399253845215,0.38134995102882385,-7.644130229949951,,1301.362548828125,-0.0031498505268245935,-0.005028303246945143,-0.007830026559531689,0.09225714206695557,2.35634708404541,-355.1843566894531,0.15751968324184418,1801.0,0.11407102644443512,0.14970296621322632,,,,,,,,,,,
15,,,,,,,,,,,,,,,,-0.3135433495044708,0.3413466513156891,-9.95385456085205,,0.7626056671142578,-0.004160093609243631,-0.005486815702170134,-0.0067970226518809795,0.0917275920510292,10.4079008102417,-551.7987670898438,0.057758595794439316,1801.0,0.06719645857810974,0.12940599024295807,,,,,,,,,,,
16,,,,,,,,,,,,,,,,-0.3274100720882416,0.33686748147010803,-10.004193305969238,,646.6791381835938,-0.0037501968909054995,-0.004706047475337982,-0.006340448744595051,0.09120108187198639,10.584339141845703,-216.99789428710938,0.06080469861626625,1801.0,0.063837431371212,0.13958267867565155,,,,,,,,,,,
17,,,,,,,,,,,,,,,,-0.34538349509239197,0.33196762204170227,-10.1057767868042,,646.4700317382812,-0.0036464331205934286,-0.004873589146882296,-0.006254284642636776,0.09067759662866592,10.657952308654785,-288.84136962890625,0.06381016969680786,1801.0,0.06239723786711693,0.15186449885368347,,,,,,,,,,,
18,,,,,,,,,,,,,,,,-0.3667267858982086,0.3387857675552368,-10.56583023071289,,0.7037432789802551,-0.0036609326489269733,-0.0050778561271727085,-0.00661628320813179,0.09015711396932602,11.03946590423584,-376.4330749511719,0.06715184450149536,1801.0,0.06451576948165894,0.16643454134464264,,,,,,,,,,,
19,,,,,,,,,,,,,,,,-0.36196309328079224,0.3420213758945465,-10.96802043914795,,646.2059326171875,-0.003940566908568144,-0.004860623739659786,-0.006385373417288065,0.08963961899280548,11.467862129211426,-283.2817687988281,0.06686251610517502,1801.0,0.06109705939888954,0.16371406614780426,,,,,,,,,,,
20,,,,,,,,,,,,,,,,-0.3663584887981415,0.35103219747543335,-11.251294136047363,,0.6976619362831116,-0.003280953736975789,-0.004894175101071596,-0.006590386852622032,0.08912509679794312,11.749085426330566,-297.6688537597656,0.06835167855024338,1801.0,0.05970928817987442,0.1661795675754547,,,,,,,,,,,
21,,,,,,,,,,,,,,,,-0.35816431045532227,0.3523479998111725,-11.670550346374512,,646.9057006835938,-0.0038051565643399954,-0.004898703657090664,-0.00636116461828351,0.08861352503299713,12.148857116699219,-299.61083984375,0.07349220663309097,1801.0,0.05849515646696091,0.16433319449424744,,,,,,,,,,,
22,,,,,,,,,,,,,,,,-0.35211890935897827,0.3633086681365967,-12.222278594970703,,0.7712668180465698,-0.0034923453349620104,-0.004688750021159649,-0.006413993891328573,0.08810488879680634,12.670636177062988,-209.5806884765625,0.08150734007358551,1801.0,0.05904417112469673,0.1664319634437561,,,,,,,,,,,
23,,,,,,,,,,,,,,,,-0.3748321235179901,0.3801199793815613,-13.169726371765137,,0.9203869700431824,-0.0033081606961786747,-0.004510495811700821,-0.005977086257189512,0.08759917318820953,13.495588302612305,-133.14346313476562,0.09742379933595657,1801.0,0.0646461695432663,0.1781771034002304,,,,,,,,,,,
24,,,,,,,,,,,,,,,,-0.38473448157310486,0.37101083993911743,-14.250418663024902,,0.9984839558601379,-0.0034410988446325064,-0.00508602662011981,-0.0072781541384756565,0.08709635585546494,14.594966888427734,-379.93658447265625,0.08841949701309204,1801.0,0.06013939902186394,0.18234406411647797,,,,,,,,,,,
25,,,,,,,,,,,,,,,,-0.37848594784736633,0.3699627220630646,-14.868081092834473,,0.9819672703742981,-0.003932522609829903,-0.005615117959678173,-0.007734534330666065,0.08659642934799194,15.289395332336426,-606.8159790039062,0.08208455890417099,1801.0,0.05536504089832306,0.1790161281824112,,,,,,,,,,,
26,,,,,,,,,,,,,,,,-0.37095972895622253,0.36424392461776733,-15.206859588623047,,1.0135799646377563,-0.0036674318835139275,-0.005532857961952686,-0.0075647286139428616,0.08609937876462936,15.697389602661133,-571.5421752929688,0.07719680666923523,1801.0,0.05208246037364006,0.1739124357700348,,,,,,,,,,,
27,,,,,,,,,,,,,,,,-0.37031349539756775,0.3600023686885834,-15.51059341430664,,1.021132230758667,-0.0035439487546682358,-0.00498451991006732,-0.006944545544683933,0.08560517430305481,15.999845504760742,-336.4095764160156,0.07563226670026779,1801.0,0.05171574652194977,0.17559589445590973,,,,,,,,,,,
28,,,,,,,,,,,,,,,,-0.37289929389953613,0.364973247051239,-15.869574546813965,,647.6197509765625,-0.0040627638809382915,-0.005344348959624767,-0.006964690517634153,0.08511380106210709,16.33778190612793,-490.7077941894531,0.08359424769878387,1801.0,0.051566317677497864,0.17864683270454407,,,,,,,,,,,
29,,,,,,,,,,,,,,,,-0.37227708101272583,0.3731882870197296,-16.480871200561523,,1.1993705034255981,-0.0036170254461467266,-0.005247388035058975,-0.007325060665607452,0.0846252590417862,16.89546012878418,-449.1298828125,0.09262969344854355,1801.0,0.05437082052230835,0.18136745691299438,,,,,,,,,,,
30,,,,,,,,,,,,,,,,-0.37823837995529175,0.3779382109642029,-17.25373077392578,,647.4444580078125,-0.003809224348515272,-0.005089465528726578,-0.007155061233788729,0.08413951098918915,17.609403610229492,-381.4112243652344,0.09876089543104172,1801.0,0.056755054742097855,0.18412762880325317,,,,,,,,,,,
31,,,,,,,,,,,,,,,,-0.3858342468738556,0.3814345598220825,-18.2578067779541,,1.4143422842025757,-0.0037167328409850597,-0.005537479650229216,-0.008784015662968159,0.08365655690431595,18.610082626342773,-573.52392578125,0.10513494163751602,1801.0,0.057439036667346954,0.18732184171676636,,,,,,,,,,,
32,,,,,,,,,,,,,,,,-0.3877939283847809,0.38315168023109436,-19.129873275756836,,1.6052978038787842,-0.00408096332103014,-0.0057144444435834885,-0.007379168178886175,0.0831763744354248,19.48918914794922,-649.408203125,0.09670081734657288,1801.0,0.05716777965426445,0.1927364021539688,,,,,,,,,,,
33,,,,,,,,,,,,,,,,-0.3882962763309479,0.37558603286743164,-19.797592163085938,,1.5792136192321777,-0.0036694661248475313,-0.005417725536972284,-0.007360388059169054,0.08269894868135452,20.200380325317383,-522.17236328125,0.08987145870923996,1801.0,0.054858338087797165,0.1902073323726654,,,,,,,,,,,
34,,,,,,,,,,,,,,,,-0.37385088205337524,0.36826977133750916,-20.334352493286133,,1.5929923057556152,-0.0027009525801986456,-0.004383544437587261,-0.006034559570252895,0.08222426474094391,20.7824649810791,-78.70557403564453,0.08699868619441986,1801.0,0.05206657201051712,0.17693720757961273,,,,,,,,,,,
35,,,,,,,,,,,,,,,,-0.3713342249393463,0.3675995469093323,-20.743038177490234,,1.5534732341766357,-0.0029747546650469303,-0.004044986329972744,-0.005367207806557417,0.08175230026245117,21.196256637573242,66.47134399414062,0.08584228903055191,1801.0,0.05230579152703285,0.17229227721691132,,,,,,,,,,,
36,,,,,,,,,,,,,,,,-0.36932674050331116,0.36108294129371643,-21.274890899658203,,1.7633088827133179,-0.003236090298742056,-0.004359909798949957,-0.00679378304630518,0.08128305524587631,21.75046730041504,-68.57088470458984,0.08362627774477005,1801.0,0.05073430389165878,0.1679842174053192,,,,,,,,,,,
37,,,,,,,,,,,,,,,,-0.3610474765300751,0.3606177568435669,-21.632610321044922,,647.3716430664062,-0.0033660344779491425,-0.004900299943983555,-0.007533289957791567,0.08081649243831635,22.094369888305664,-300.29534912109375,0.08103331178426743,1801.0,0.04937217757105827,0.16318759322166443,,,,,,,,,,,
38,,,,,,,,,,,,,,,,-0.3494068682193756,0.3673064708709717,-21.98790740966797,,648.533203125,-0.003387889824807644,-0.005062179174274206,-0.007281852420419455,0.08035261183977127,22.464845657348633,-369.7106628417969,0.0851902887225151,1801.0,0.05031557381153107,0.16186927258968353,,,,,,,,,,,
39,,,,,,,,,,,,,,,,-0.35352811217308044,0.36782047152519226,-22.359682083129883,,1.8344134092330933,-0.0026985430158674717,-0.004329200368374586,-0.006711411289870739,0.0798913910984993,22.830524444580078,-55.40241622924805,0.08979082852602005,1801.0,0.050596173852682114,0.1575697958469391,,,,,,,,,,,
40,,,,,,,,,,,,,,,,-0.3471445143222809,0.37101489305496216,-22.70107650756836,,1.841344952583313,-0.002811203710734844,-0.0044003622606396675,-0.005961304064840078,0.07943282276391983,23.152820587158203,-85.91732788085938,0.09370942413806915,1801.0,0.05092900991439819,0.15332390367984772,,,,,,,,,,,
41,,,,,,,,,,,,,,,,-0.357577383518219,0.3661206364631653,-23.28064727783203,,1.9038673639297485,-0.003135557286441326,-0.004423925653100014,-0.007279146462678909,0.07897688448429108,23.758981704711914,-96.02139282226562,0.09048391878604889,1801.0,0.0495997816324234,0.16009917855262756,,,,,,,,,,,
42,,,,,,,,,,,,,,,,-0.36642730236053467,0.3570600152015686,-23.688457489013672,,1.9731370210647583,-0.003449659328907728,-0.004748107399791479,-0.007067516446113586,0.07852356135845184,24.139787673950195,-235.03363037109375,0.08751511573791504,1801.0,0.04910685867071152,0.1643962264060974,,,,,,,,,,,
43,,,,,,,,,,,,,,,,-0.3571610748767853,0.3617364466190338,-24.084327697753906,,1.8281952142715454,-0.0036279207561165094,-0.005125524941831827,-0.006843406241387129,0.07807284593582153,24.576112747192383,-396.8739318847656,0.0901581272482872,1801.0,0.04832015559077263,0.15624715387821198,,,,,,,,,,,
44,,,,,,,,,,,,,,,,-0.35429808497428894,0.3696756660938263,-24.510541915893555,,2.1774449348449707,-0.004121060948818922,-0.00592421181499958,-0.009139143861830235,0.07762470841407776,24.95241355895996,-739.3583984375,0.09034591913223267,1801.0,0.049185946583747864,0.16343937814235687,,,,,,,,,,,
45,,,,,,,,,,,,,,,,-0.3485666811466217,0.3746008276939392,-24.83883285522461,,647.220703125,-0.00369092239998281,-0.005506693385541439,-0.00816365797072649,0.07717914879322052,25.321775436401367,-560.322509765625,0.09187688678503036,1801.0,0.04957876726984978,0.1577494889497757,,,,,,,,,,,
46,,,,,,,,,,,,,,,,-0.35955357551574707,0.3710688650608063,-25.2307186126709,,2.4681789875030518,-0.004106900189071894,-0.005628052167594433,-0.008319363929331303,0.07673615217208862,25.716981887817383,-612.3624267578125,0.08753715455532074,1801.0,0.04918013885617256,0.16789044439792633,,,,,,,,,,,
47,,,,,,,,,,,,,,,,-0.37401536107063293,0.36442050337791443,-25.442970275878906,,2.1757352352142334,-0.003043143777176738,-0.004509171470999718,-0.0068297004327178,0.07629568874835968,25.911590576171875,-132.5756072998047,0.08510424941778183,1801.0,0.04912036284804344,0.1708107888698578,,,,,,,,,,,
48,,,,,,,,,,,,,,,,-0.35924050211906433,0.37598636746406555,-25.830772399902344,,2.1635963916778564,-0.0032622572034597397,-0.0047046649269759655,-0.0072936019860208035,0.07585775852203369,26.316123962402344,-216.40505981445312,0.08628775179386139,1801.0,0.049176815897226334,0.16463623940944672,,,,,,,,,,,
49,,,,,,,,,,,,,,,,-0.36309903860092163,0.37649354338645935,-26.107177734375,,2.426567554473877,-0.003306883852928877,-0.0045650554820895195,-0.00574982725083828,0.07542233914136887,26.59562110900879,-156.53919982910156,0.0860276147723198,1801.0,0.04878400266170502,0.16528628766536713,,,,,,,,,,,
50,,,,,,,,,,,,,,,,-0.35920655727386475,0.37185418605804443,-26.49502944946289,,2.345874547958374,-0.0030796232167631388,-0.004294021520763636,-0.006406341213732958,0.0749894231557846,26.95501136779785,-40.31741714477539,0.08757328987121582,1801.0,0.048524461686611176,0.16131937503814697,,,,,,,,,,,
51,,,,,,,,,,,,,,,,-0.34393051266670227,0.38099440932273865,-26.872291564941406,,2.4550588130950928,-0.0037917897570878267,-0.0047813174314796925,-0.006808445788919926,0.07455898821353912,27.33319854736328,-249.27438354492188,0.09074793010950089,1801.0,0.048459555953741074,0.15540267527103424,,,,,,,,,,,
52,,,,,,,,,,,,,,,,-0.356160432100296,0.36779987812042236,-27.238378524780273,,2.479719638824463,-0.0033944917377084494,-0.004847956821322441,-0.00667709531262517,0.07413102686405182,27.70059585571289,-277.8499755859375,0.0906873494386673,1801.0,0.04890115186572075,0.15899279713630676,,,,,,,,,,,
53,,,,,,,,,,,,,,,,-0.35775524377822876,0.36188703775405884,-27.58437728881836,,2.675292730331421,-0.003320922376587987,-0.004498360678553581,-0.006511391140520573,0.0737055167555809,28.052841186523438,-127.9399185180664,0.08756604790687561,1801.0,0.04762779176235199,0.15878622233867645,,,,,,,,,,,
54,,,,,,,,,,,,,,,,-0.36953186988830566,0.35841646790504456,-27.92213249206543,,2.7821555137634277,-0.0031986874528229237,-0.004619360901415348,-0.007070627063512802,0.07328245043754578,28.413192749023438,-179.82603454589844,0.08417001366615295,1801.0,0.04738398268818855,0.16709129512310028,,,,,,,,,,,
55,,,,,,,,,,,,,,,,-0.35261020064353943,0.36973586678504944,-28.10434913635254,,2.7604498863220215,-0.0032148563768714666,-0.005103295668959618,-0.008522126823663712,0.07286182045936584,28.58418083190918,-387.34173583984375,0.08701682835817337,1801.0,0.045641493052244186,0.1589193195104599,,,,,,,,,,,
56,,,,,,,,,,,,,,,,-0.3602007031440735,0.36370566487312317,-28.26555824279785,,2.567535161972046,-0.003582178382202983,-0.005007697734981775,-0.0064983610063791275,0.07244359701871872,28.75520133972168,-346.34844970703125,0.08738040924072266,1801.0,0.0455784946680069,0.1600038707256317,,,,,,,,,,,
57,,,,,,,,,,,,,,,,-0.3624482750892639,0.3659006357192993,-28.530487060546875,,2.5965840816497803,-0.0025518140755593777,-0.004245327319949865,-0.005981943570077419,0.0720277726650238,29.04347038269043,-19.436723709106445,0.08760221302509308,1801.0,0.04669675603508949,0.16158510744571686,,,,,,,,,,,
58,,,,,,,,,,,,,,,,-0.3617662191390991,0.3651769757270813,-28.857206344604492,,3.1171629428863525,-0.0032557693775743246,-0.0045737093314528465,-0.007854588329792023,0.0716143399477005,29.377344131469727,-160.25010681152344,0.08917120844125748,1801.0,0.046179454773664474,0.1584538370370865,,,,,,,,,,,
59,,,,,,,,,,,,,,,,-0.3564392626285553,0.36801522970199585,-29.02976417541504,,2.643019199371338,-0.0032589491456747055,-0.00461117597296834,-0.006477497052401304,0.07120327651500702,29.51713752746582,-176.31617736816406,0.09013035893440247,1801.0,0.045462075620889664,0.15600118041038513,,,,,,,,,,,
60,,,,,,,,,,,,,,,,-0.34413227438926697,0.37440261244773865,-29.323001861572266,,3.0949084758758545,-0.004103974439203739,-0.005520683713257313,-0.007379456423223019,0.07079457491636276,29.828323364257812,-566.3216552734375,0.09652800112962723,1801.0,0.04608139395713806,0.15288648009300232,,,,,,,,,,,
61,,,,,,,,,,,,,,,,-0.3541165590286255,0.3685067594051361,-29.504932403564453,,3.142505168914795,-0.0032826950773596764,-0.0051428633742034435,-0.00787776242941618,0.07038822025060654,30.003339767456055,-404.3088684082031,0.09106187522411346,1801.0,0.04502889886498451,0.15854087471961975,,,,,,,,,,,
62,,,,,,,,,,,,,,,,-0.36051103472709656,0.3673277199268341,-29.789417266845703,,3.122373342514038,-0.003531723516061902,-0.0048713707365095615,-0.007296716794371605,0.06998419761657715,30.31117057800293,-287.8901062011719,0.0922737717628479,1801.0,0.04474738612771034,0.1606799215078354,,,,,,,,,,,
63,,,,,,,,,,,,,,,,-0.35812729597091675,0.36596450209617615,-29.939790725708008,,649.0712280273438,-0.0036741376388818026,-0.005214780569076538,-0.006533588748425245,0.0695824921131134,30.454315185546875,-435.1475830078125,0.09170079231262207,1801.0,0.04485487937927246,0.16001538932323456,,,,,,,,,,,
64,,,,,,,,,,,,,,,,-0.35670194029808044,0.3663424551486969,-30.21956443786621,,2.8676607608795166,-0.0030488704796880484,-0.004531688988208771,-0.0060752276331186295,0.0691830962896347,30.70905876159668,-142.2313995361328,0.09185583144426346,1801.0,0.0439423993229866,0.15685135126113892,,,,,,,,,,,
65,,,,,,,,,,,,,,,,-0.3615906834602356,0.3642531931400299,-30.457347869873047,,3.1538734436035156,-0.003274899208918214,-0.00463935686275363,-0.006500610150396824,0.06878598779439926,30.95057487487793,-188.40036010742188,0.09317591786384583,1801.0,0.04379495605826378,0.1597885638475418,,,,,,,,,,,
66,,,,,,,,,,,,,,,,-0.35904866456985474,0.3683379590511322,-30.66128921508789,,3.1061747074127197,-0.003445117035880685,-0.004808798898011446,-0.007123435847461224,0.06839116662740707,31.166173934936523,-261.0588684082031,0.09582597017288208,1801.0,0.04457874223589897,0.1592330038547516,,,,,,,,,,,
67,,,,,,,,,,,,,,,,-0.34874942898750305,0.3705715835094452,-30.923477172851562,,3.055849075317383,-0.00337697914801538,-0.005356954410672188,-0.007839350961148739,0.06799860298633575,31.44417381286621,-496.1130676269531,0.10049236565828323,1801.0,0.045026231557130814,0.1535651832818985,,,,,,,,,,,
68,,,,,,,,,,,,,,,,-0.3513409495353699,0.3715783655643463,-31.22458267211914,,2.847806930541992,-0.003869689302518964,-0.004828697070479393,-0.0065389350056648254,0.0676082968711853,31.734756469726562,-269.5914001464844,0.09951664507389069,1801.0,0.045037999749183655,0.1538962572813034,,,,,,,,,,,
69,,,,,,,,,,,,,,,,-0.3611842691898346,0.37327811121940613,-31.633634567260742,,3.0431413650512695,-0.0032806640956550837,-0.004824368748813868,-0.007895202375948429,0.06722023338079453,32.097599029541016,-267.7353210449219,0.09792137891054153,1801.0,0.046487465500831604,0.1613500863313675,,,,,,,,,,,
70,,,,,,,,,,,,,,,,-0.3734322488307953,0.3714933693408966,-32.08807373046875,,3.24950909614563,-0.002802935428917408,-0.003969849087297916,-0.0053985570557415485,0.06683439016342163,32.5576171875,98.69090270996094,0.09743357449769974,1801.0,0.04754265770316124,0.17120663821697235,,,,,,,,,,,
71,,,,,,,,,,,,,,,,-0.36247876286506653,0.36880144476890564,-32.55302810668945,,3.145017623901367,-0.002917798236012459,-0.00507737323641777,-0.0072622415609657764,0.06645076721906662,33.03972625732422,-376.2260437011719,0.1006820797920227,1801.0,0.048425327986478806,0.16240210831165314,,,,,,,,,,,
72,,,,,,,,,,,,,,,,-0.3563780188560486,0.373940646648407,-32.93782043457031,,3.1525368690490723,-0.003669154364615679,-0.005015877075493336,-0.007105728145688772,0.0660693421959877,33.40803909301758,-349.85589599609375,0.10256106406450272,1801.0,0.0475299209356308,0.16145949065685272,,,,,,,,,,,
73,,,,,,,,,,,,,,,,-0.3689437210559845,0.36345434188842773,-33.246803283691406,,4.017788887023926,-0.003220331622287631,-0.004457477480173111,-0.006723505444824696,0.06569011509418488,33.73672866821289,-110.40872192382812,0.09414469450712204,1801.0,0.04458339512348175,0.16670165956020355,,,,,,,,,,,
74,,,,,,,,,,,,,,,,-0.3723185360431671,0.353776216506958,-33.58161926269531,,647.6741943359375,-0.003514508018270135,-0.004536367487162352,-0.006436018738895655,0.06531305611133575,34.10177993774414,-144.23748779296875,0.09316439926624298,1801.0,0.04349302500486374,0.16467390954494476,,,,,,,,,,,
75,,,,,,,,,,,,,,,,-0.37697672843933105,0.34764376282691956,-33.72515869140625,,3.719205141067505,-0.003314694855362177,-0.004534960258752108,-0.006141225807368755,0.06493816524744034,34.25271224975586,-143.63412475585938,0.09009519964456558,1801.0,0.042849134653806686,0.16858792304992676,,,,,,,,,,,
76,,,,,,,,,,,,,,,,-0.36235374212265015,0.35822775959968567,-33.91200256347656,,3.1189825534820557,-0.003350138431414962,-0.004452662076801062,-0.0067024389281868935,0.06456542015075684,34.469791412353516,-108.34385681152344,0.09131404757499695,1801.0,0.041842225939035416,0.16292472183704376,,,,,,,,,,,
77,,,,,,,,,,,,,,,,-0.3664720058441162,0.36287349462509155,-34.04736328125,,3.155909538269043,-0.0034604675602167845,-0.004846306052058935,-0.007133668288588524,0.06419482082128525,34.618160247802734,-277.1421813964844,0.09330756962299347,1801.0,0.042866043746471405,0.16514766216278076,,,,,,,,,,,
78,,,,,,,,,,,,,,,,-0.37538981437683105,0.35944145917892456,-34.20391082763672,,2.962904214859009,-0.0032383210491389036,-0.0047838944010436535,-0.007584824692457914,0.06382634490728378,34.75727462768555,-250.37954711914062,0.09057352691888809,1801.0,0.04236666113138199,0.1706184297800064,,,,,,,,,,,
79,,,,,,,,,,,,,,,,-0.3649526834487915,0.3607768714427948,-34.399627685546875,,648.7608642578125,-0.0036278325133025646,-0.005197193007916212,-0.006648003589361906,0.06345999240875244,34.92671585083008,-427.6058349609375,0.08960715681314468,1801.0,0.04204513132572174,0.16615262627601624,,,,,,,,,,,
80,,,,,,,,,,,,,,,,-0.35917243361473083,0.36514022946357727,-34.56026840209961,,647.0985107421875,-0.00247568404302001,-0.004254496190696955,-0.00619668560102582,0.06309573352336884,35.10010528564453,-23.368436813354492,0.08940890431404114,1801.0,0.041807737201452255,0.16111475229263306,,,,,,,,,,,
81,,,,,,,,,,,,,,,,-0.3512137234210968,0.3639453947544098,-34.73250961303711,,3.4762327671051025,-0.0031545560341328382,-0.004389374982565641,-0.005882222205400467,0.06273356825113297,35.29662322998047,-81.20586395263672,0.09324406087398529,1801.0,0.043266743421554565,0.15549476444721222,,,,,,,,,,,
82,,,,,,,,,,,,,,,,-0.360058456659317,0.35987862944602966,-34.90138244628906,,3.247863292694092,-0.0035308590158820152,-0.004609668627381325,-0.006232838146388531,0.062373481690883636,35.43311309814453,-175.6697235107422,0.08665329962968826,1801.0,0.04246124252676964,0.16245411336421967,,,,,,,,,,,
83,,,,,,,,,,,,,,,,-0.36124899983406067,0.3628561794757843,-35.05827713012695,,3.258512258529663,-0.003056364133954048,-0.004585491959005594,-0.006645665038377047,0.062015462666749954,35.58795166015625,-165.30258178710938,0.08861389011144638,1801.0,0.04260777682065964,0.16237936913967133,,,,,,,,,,,
84,,,,,,,,,,,,,,,,-0.3478584885597229,0.3667010962963104,-35.08515167236328,,3.934192657470703,-0.002917195437476039,-0.004659286234527826,-0.006210184656083584,0.06165950000286102,35.636592864990234,-196.94627380371094,0.09047345817089081,1801.0,0.04199822247028351,0.15432529151439667,,,,,,,,,,,
85,,,,,,,,,,,,,,,,-0.3549427092075348,0.36641350388526917,-35.34147644042969,,3.384340524673462,-0.0033856325317174196,-0.004889330826699734,-0.006597913336008787,0.06130557879805565,35.858219146728516,-295.5916442871094,0.09319347143173218,1801.0,0.042197633534669876,0.1591198891401291,,,,,,,,,,,
86,,,,,,,,,,,,,,,,-0.3580544590950012,0.3702687621116638,-35.40138626098633,,3.5579710006713867,-0.00340076070278883,-0.005194276105612516,-0.008117386139929295,0.060953687876462936,35.938743591308594,-426.3550720214844,0.0916692391037941,1801.0,0.04259777069091797,0.1640448123216629,,,,,,,,,,,
87,,,,,,,,,,,,,,,,-0.354152113199234,0.37195858359336853,-35.5380973815918,,3.6451592445373535,-0.004174647852778435,-0.00553927244618535,-0.007298237644135952,0.06060381978750229,36.042999267578125,-574.2928466796875,0.09745944291353226,1801.0,0.04249218851327896,0.1576758176088333,,,,,,,,,,,
88,,,,,,,,,,,,,,,,-0.35185086727142334,0.37417668104171753,-35.62643051147461,,3.812098741531372,-0.0034706771839410067,-0.004868045914918184,-0.007005956955254078,0.06025595963001251,36.1566047668457,-286.46453857421875,0.09930451959371567,1801.0,0.04223852977156639,0.1557350903749466,,,,,,,,,,,
89,,,,,,,,,,,,,,,,-0.36157530546188354,0.36921313405036926,-35.89627456665039,,3.7677347660064697,-0.0035267239436507225,-0.004698991775512695,-0.005935948807746172,0.05991009250283241,36.41967010498047,-213.97247314453125,0.09540275484323502,1801.0,0.041319385170936584,0.16183824837207794,,,,,,,,,,,
90,,,,,,,,,,,,,,,,-0.3573274612426758,0.36623769998550415,-36.08070373535156,,3.3028621673583984,-0.0033075374085456133,-0.004664504900574684,-0.006174399517476559,0.05956621468067169,36.616634368896484,-199.18418884277344,0.09572917968034744,1801.0,0.041822995990514755,0.15847663581371307,,,,,,,,,,,
91,,,,,,,,,,,,,,,,-0.36147433519363403,0.369185209274292,-36.32006072998047,,3.4359354972839355,-0.0036645892541855574,-0.004832203034311533,-0.0071334135718643665,0.05922430753707886,36.854679107666016,-271.0945739746094,0.09980759024620056,1801.0,0.04257224500179291,0.16130205988883972,,,,,,,,,,,
92,,,,,,,,,,,,,,,,-0.3670704960823059,0.3695184588432312,-36.64656448364258,,3.2597899436950684,-0.003153781173750758,-0.004665688145905733,-0.006949467118829489,0.05888436734676361,37.141571044921875,-199.6915740966797,0.09795648604631424,1801.0,0.04207192733883858,0.16585609316825867,,,,,,,,,,,
93,,,,,,,,,,,,,,,,-0.36813998222351074,0.3638042211532593,-36.80781173706055,,4.235451698303223,-0.0036370852030813694,-0.004914356395602226,-0.00738515704870224,0.05854637548327446,37.30080795288086,-306.3228759765625,0.09401126205921173,1801.0,0.04105513542890549,0.1663612425327301,,,,,,,,,,,
94,,,,,,,,,,,,,,,,-0.36154597997665405,0.36770549416542053,-36.95833206176758,,3.592471122741699,-0.0034632650204002857,-0.004860996268689632,-0.006867618765681982,0.05821032077074051,37.460166931152344,-283.4415283203125,0.09730064123868942,1801.0,0.040961556136608124,0.16355843842029572,,,,,,,,,,,
95,,,,,,,,,,,,,,,,-0.3620838522911072,0.3681451380252838,-37.09831237792969,,3.6987314224243164,-0.003633922664448619,-0.005039269104599953,-0.006909397896379232,0.05787619948387146,37.63618087768555,-359.8865661621094,0.09952172636985779,1801.0,0.04104715585708618,0.1627161204814911,,,,,,,,,,,
96,,,,,,,,,,,,,,,,-0.36460408568382263,0.3705294728279114,-37.285640716552734,,3.701948881149292,-0.0035044795367866755,-0.00498773530125618,-0.007745972368866205,0.05754399299621582,37.84585189819336,-337.7884216308594,0.0985708236694336,1801.0,0.04096744954586029,0.16406014561653137,,,,,,,,,,,
97,,,,,,,,,,,,,,,,-0.3574504554271698,0.3707883656024933,-37.41204071044922,,3.785728693008423,-0.0036918888799846172,-0.00546550378203392,-0.007732138503342867,0.05721369385719299,37.96799087524414,-542.66015625,0.09910926222801208,1801.0,0.04139811918139458,0.16194035112857819,,,,,,,,,,,
98,,,,,,,,,,,,,,,,-0.3583493232727051,0.3695775866508484,-37.56370162963867,,3.394014835357666,-0.003961977548897266,-0.005441604182124138,-0.007444709539413452,0.05688529461622238,38.12057113647461,-532.41162109375,0.09722635895013809,1801.0,0.040701739490032196,0.1627529412508011,,,,,,,,,,,
99,,,,,,,,,,,,,,,,-0.36523327231407166,0.3656781017780304,-37.595985412597656,,4.244818210601807,-0.0038457203190773726,-0.005272320006042719,-0.006911813281476498,0.05655877664685249,38.161739349365234,-459.821044921875,0.09609151631593704,1801.0,0.040477070957422256,0.16534508764743805,,,,,,,,,,,
100,,,,,,,,,,,,,,,,-0.3650970160961151,0.36491528153419495,-37.63814163208008,,4.447692394256592,-0.0034884801134467125,-0.004890608135610819,-0.006847809534519911,0.05623413249850273,38.2017707824707,-296.1392822265625,0.09637781977653503,1801.0,0.04019623622298241,0.16458581387996674,,,,,,,,,,,
101,,,,,,,,,,,,,,,,-0.3587314486503601,0.3679288327693939,-37.71110916137695,,4.019201278686523,-0.0038288296200335026,-0.005073844455182552,-0.007916910573840141,0.0559113509953022,38.312347412109375,-374.7127380371094,0.09773847460746765,1801.0,0.039939530193805695,0.16078448295593262,,,,,,,,,,,
102,,,,,,,,,,,,,,,,-0.3596600890159607,0.36662179231643677,-37.70241928100586,,3.4294776916503906,-0.003069657599553466,-0.0048735486343503,-0.00795532763004303,0.0555904246866703,38.28824996948242,-288.823974609375,0.09914226084947586,1801.0,0.03954973444342613,0.1604783684015274,,,,,,,,,,,
103,,,,,,,,,,,,,,,,-0.3570932447910309,0.3652971088886261,-37.816673278808594,,3.9201855659484863,-0.0028651815373450518,-0.004766568075865507,-0.006295992061495781,0.055271342396736145,38.41056823730469,-242.94979858398438,0.09851767122745514,1801.0,0.03950353339314461,0.15907162427902222,,,,,,,,,,,
104,,,,,,,,,,,,,,,,-0.355170875787735,0.3688022792339325,-37.827545166015625,,3.9491727352142334,-0.0036468689795583487,-0.005218182224780321,-0.006833489052951336,0.05495408922433853,38.41097640991211,-436.6062316894531,0.09946469962596893,1801.0,0.03919299691915512,0.15797854959964752,,,,,,,,,,,
105,,,,,,,,,,,,,,,,-0.35556110739707947,0.3653589189052582,-37.90018844604492,,3.991499423980713,-0.0035878894850611687,-0.004901378881186247,-0.00653048837557435,0.05463865399360657,38.47593688964844,-300.7579345703125,0.09717584401369095,1801.0,0.03876740485429764,0.15740154683589935,,,,,,,,,,,
106,,,,,,,,,,,,,,,,-0.35390472412109375,0.36630627512931824,-37.76922607421875,,4.132745265960693,-0.002889170777052641,-0.004401881247758865,-0.005961104761809111,0.054325032979249954,38.334266662597656,-86.56858825683594,0.09605196118354797,1801.0,0.03868386521935463,0.15551939606666565,,,,,,,,,,,
107,,,,,,,,,,,,,,,,-0.35441580414772034,0.36704325675964355,-37.82209396362305,,4.49226713180542,-0.0028660001698881388,-0.004413466900587082,-0.006826771888881922,0.0540132112801075,38.395931243896484,-91.53657531738281,0.09657116234302521,1801.0,0.03889422491192818,0.15548604726791382,,,,,,,,,,,
108,,,,,,,,,,,,,,,,-0.3571157455444336,0.35980698466300964,-37.91591262817383,,3.96694278717041,-0.003126885276287794,-0.004314253572374582,-0.005894923582673073,0.0537031814455986,38.460113525390625,-48.99307632446289,0.09624441713094711,1801.0,0.03910339996218681,0.15511023998260498,,,,,,,,,,,
109,,,,,,,,,,,,,,,,-0.35323283076286316,0.36387142539024353,-38.09819030761719,,4.032225131988525,-0.003814141033217311,-0.004704735707491636,-0.0059010605327785015,0.05339492857456207,38.65564727783203,-216.43556213378906,0.0968625620007515,1801.0,0.03857541084289551,0.1538574993610382,,,,,,,,,,,
5700,,,,,,,,,,,,,,,,,,,,,,,,,,,,,,,0.4999995231628418,0.027928434312343597,0.0,0.0,9.66448974609375,0.0,0.0,0.0003000000142492354,9.999999747378752e-05,0.5,7.811024188995361
6000,0.51953125,0.5878204703330994,0.9312604069709778,0.4198760986328125,0.3445125222206116,0.47341328859329224,0.45784759521484375,0.24680393934249878,0.3427577018737793,0.5110321044921875,0.39135199785232544,0.5757225155830383,0.5349044799804688,0.38408181071281433,0.6307621002197266,,,,,,,,,,,,,,,,0.49999964237213135,0.04621624946594238,0.0,0.0,9.910197257995605,0.0,0.0,0.0003000000142492354,9.999999747378752e-05,0.5,7.7263407707214355
6300,,,,,,,,,,,,,,,,,,,,,,,,,,,,,,,0.4999997913837433,0.062166839838027954,0.0,0.0,9.80023193359375,0.0,0.0,0.0003000000142492354,9.999999747378752e-05,0.5,7.693340301513672
6600,,,,,,,,,,,,,,,,,,,,,,,,,,,,,,,0.4999994933605194,0.05944541096687317,0.0,0.0,8.310160636901855,0.0,0.0,0.0003000000142492354,9.999999747378752e-05,0.5,7.67336368560791
6900,,,,,,,,,,,,,,,,,,,,,,,,,,,,,,,0.4999995231628418,0.125617116689682,0.0,0.0,8.19135570526123,0.0,0.0,0.0003000000142492354,9.999999747378752e-05,0.5,7.669896125793457
7200,,,,,,,,,,,,,,,,,,,,,,,,,,,,,,,0.49999967217445374,0.06267805397510529,0.0,0.0,8.998092651367188,0.0,0.0,0.0003000000142492354,9.999999747378752e-05,0.5,7.654515743255615
7500,0.51220703125,0.9031592607498169,1.302907943725586,0.4505157470703125,0.3407846987247467,0.47537609934806824,0.4317779541015625,0.5040934681892395,0.6668862104415894,0.5087432861328125,0.39016297459602356,0.5901793837547302,0.5249252319335938,0.3883099853992462,0.6323851346969604,,,,,,,,,,,,,,,,0.49999940395355225,0.09380954504013062,0.0,0.0,8.280010223388672,0.0,0.0,0.0003000000142492354,9.999999747378752e-05,0.5,7.640326499938965
7800,,,,,,,,,,,,,,,,,,,,,,,,,,,,,,,0.49999940395355225,0.09856998920440674,0.0,0.0,8.195821762084961,0.0,0.0,0.0003000000142492354,9.999999747378752e-05,0.5,7.625704765319824
8100,,,,,,,,,,,,,,,,,,,,,,,,,,,,,,,0.4999995529651642,0.13702251017093658,0.0,0.0,9.522655487060547,0.0,0.0,0.0003000000142492354,9.999999747378752e-05,0.5,7.619737148284912
8400,,,,,,,,,,,,,,,,,,,,,,,,,,,,,,,0.4999992549419403,0.11845218390226364,0.0,0.0,7.708919525146484,0.0,0.0,0.0003000000142492354,9.999999747378752e-05,0.5,7.614899158477783
8700,,,,,,,,,,,,,,,,,,,,,,,,,,,,,,,0.499999076128006,0.16882553696632385,0.0,0.0,8.516905784606934,0.0,0.0,0.0003000000142492354,9.999999747378752e-05,0.5,7.6162190437316895
9000,0.5283203125,0.9550348520278931,1.4370832443237305,0.46295166015625,0.32454657554626465,0.4631367623806,0.4378509521484375,0.6617819666862488,0.900749921798706,0.503387451171875,0.38453787565231323,0.6002293825149536,0.5180130004882812,0.38322558999061584,0.6309336423873901,,,,,,,,,,,,,,,,0.4999995529651642,0.17598579823970795,0.0,0.0,8.295795440673828,0.0,0.0,0.0003000000142492354,9.999999747378752e-05,0.5,7.621118068695068
9300,,,,,,,,,,,,,,,,,,,,,,,,,,,,,,,0.49961501359939575,0.23573654890060425,0.0,0.0,7.864119529724121,0.0,0.0,0.0003000000142492354,9.999999747378752e-05,0.5,7.623317241668701
9600,,,,,,,,,,,,,,,,,,,,,,,,,,,,,,,0.4999990463256836,0.17820949852466583,0.0,0.0,7.007455348968506,0.0,0.0,0.0003000000142492354,9.999999747378752e-05,0.5,7.631413459777832
9900,,,,,,,,,,,,,,,,,,,,,,,,,,,,,,,0.49999943375587463,0.10752977430820465,0.0,0.0,8.359551429748535,0.0,0.0,0.0003000000142492354,9.999999747378752e-05,0.5,7.642148971557617
10200,,,,,,,,,,,,,,,,,,,,,,,,,,,,,,,0.3769736588001251,0.20685459673404694,0.0,0.0,8.115155220031738,0.0,0.0,0.0003000000142492354,9.999999747378752e-05,0.5,7.651882648468018
10500,0.537841796875,1.0098954439163208,1.5255956649780273,0.4859771728515625,0.3134472668170929,0.4699424207210541,0.43892669677734375,0.7390673160552979,1.0029897689819336,0.4977569580078125,0.3900302052497864,0.5914331674575806,0.508636474609375,0.3835812211036682,0.6217350363731384,,,,,,,,,,,,,,,,0.499999076128006,0.14194649457931519,0.0,0.0,6.939116954803467,0.0,0.0,0.0003000000142492354,9.999999747378752e-05,0.5,7.668344497680664
10800,,,,,,,,,,,,,,,,,,,,,,,,,,,,,,,0.499999463558197,0.11078103631734848,0.0,0.0,7.773740768432617,0.0,0.0,0.0003000000142492354,9.999999747378752e-05,0.5,7.687269687652588
11100,,,,,,,,,,,,,,,,,,,,,,,,,,,,,,,0.4999992549419403,0.12237479537725449,0.0,0.0,7.367417812347412,0.0,0.0,0.0003000000142492354,9.999999747378752e-05,0.5,7.6989617347717285
11400,,,,,,,,,,,,,,,,,,,,,,,,,,,,,,,0.49999943375587463,0.1123589500784874,0.0,0.0,7.2442402839660645,0.0,0.0,0.0003000000142492354,9.999999747378752e-05,0.5,7.714242458343506
11700,,,,,,,,,,,,,,,,,,,,,,,,,,,,,,,0.46864426136016846,0.14908355474472046,0.0,0.0,8.186530113220215,0.0,0.0,0.0003000000142492354,9.999999747378752e-05,0.5,7.7294230461120605
12000,0.544189453125,1.0153648853302002,1.5883324146270752,0.502532958984375,0.30778756737709045,0.4669678509235382,0.44129180908203125,0.825775146484375,1.1282724142074585,0.4934539794921875,0.38506975769996643,0.5921105742454529,0.49869537353515625,0.3814487159252167,0.6113343834877014,,,,,,,,,,,,,,,,0.49999910593032837,0.15511099994182587,0.0,0.0,7.644183158874512,0.0,0.0,0.0003000000142492354,9.999999747378752e-05,0.5,7.740555286407471
12300,,,,,,,,,,,,,,,,,,,,,,,,,,,,,,,0.49999934434890747,0.14750370383262634,0.0,0.0,7.423056602478027,0.0,0.0,0.0003000000142492354,9.999999747378752e-05,0.5,7.763808727264404
12600,,,,,,,,,,,,,,,,,,,,,,,,,,,,,,,0.4999994933605194,0.1315857619047165,0.0,0.0,8.99976634979248,0.0,0.0,0.0003000000142492354,9.999999747378752e-05,0.5,7.7776288986206055
12900,,,,,,,,,,,,,,,,,,,,,,,,,,,,,,,0.49999934434890747,0.12711037695407867,0.0,0.0,7.5764546394348145,0.0,0.0,0.0003000000142492354,9.999999747378752e-05,0.5,7.7933669090271
13200,,,,,,,,,,,,,,,,,,,,,,,,,,,,,,,0.49999961256980896,0.10131246596574783,0.0,0.0,7.481667995452881,0.0,0.0,0.0003000000142492354,9.999999747378752e-05,0.5,7.8149495124816895
13500,0.561279296875,1.0909992456436157,1.7099568843841553,0.5084381103515625,0.2892122268676758,0.4556426703929901,0.4521484375,0.9734789133071899,1.3378947973251343,0.4873809814453125,0.3867262601852417,0.5974891781806946,0.50201416015625,0.38060617446899414,0.6068170666694641,,,,,,,,,,,,,,,,0.45044681429862976,0.15771415829658508,0.0,0.0,7.608190059661865,0.0,0.0,0.0003000000142492354,9.999999747378752e-05,0.5,7.833586692810059
13800,,,,,,,,,,,,,,,,,,,,,,,,,,,,,,,0.49999913573265076,0.10565584897994995,0.0,0.0,7.781445503234863,0.0,0.0,0.0003000000142492354,9.999999747378752e-05,0.5,7.845735549926758
14100,,,,,,,,,,,,,,,,,,,,,,,,,,,,,,,0.49999934434890747,0.09739848226308823,0.0,0.0,7.69707727432251,0.0,0.0,0.0003000000142492354,9.999999747378752e-05,0.5,7.865356922149658
14400,,,,,,,,,,,,,,,,,,,,,,,,,,,,,,,0.4999992549419403,0.12009165436029434,0.0,0.0,7.993885040283203,0.0,0.0,0.0003000000142492354,9.999999747378752e-05,0.5,7.883753776550293
14700,,,,,,,,,,,,,,,,,,,,,,,,,,,,,,,0.4999993145465851,0.18212150037288666,0.0,0.0,7.701793193817139,0.0,0.0,0.0003000000142492354,9.999999747378752e-05,0.5,7.903534412384033
15000,0.548828125,1.1130671501159668,1.772780418395996,0.4996185302734375,0.2736090123653412,0.43858465552330017,0.44968414306640625,0.9786663055419922,1.3987668752670288,0.4924163818359375,0.3879910111427307,0.5998349785804749,0.5038986206054688,0.3772509694099426,0.6068549752235413,,,,,,,,,,,,,,,,0.49688634276390076,0.15796571969985962,0.0,0.0,8.033302307128906,0.0,0.0,0.0003000000142492354,9.999999747378752e-05,0.5,7.921078681945801
15300,,,,,,,,,,,,,,,,,,,,,,,,,,,,,,,0.49999940395355225,0.12069445103406906,0.0,0.0,7.7079620361328125,0.0,0.0,0.0003000000142492354,9.999999747378752e-05,0.5,7.943323612213135
15600,,,,,,,,,,,,,,,,,,,,,,,,,,,,,,,0.4999992251396179,0.1843675822019577,0.0,0.0,8.167730331420898,0.0,0.0,0.0003000000142492354,9.999999747378752e-05,0.5,7.962670803070068
15900,,,,,,,,,,,,,,,,,,,,,,,,,,,,,,,0.499999076128006,0.15850509703159332,0.0,0.0,8.655232429504395,0.0,0.0,0.0003000000142492354,9.999999747378752e-05,0.5,7.984700679779053
16200,,,,,,,,,,,,,,,,,,,,,,,,,,,,,,,0.4999997019767761,0.14866702258586884,0.0,0.0,10.051915168762207,0.0,0.0,0.0003000000142492354,9.999999747378752e-05,0.5,8.006956100463867
16500,0.55859375,1.1781880855560303,1.8103677034378052,0.5351409912109375,0.2864897549152374,0.45942869782447815,0.45925140380859375,1.0707483291625977,1.4867596626281738,0.48675537109375,0.3965226411819458,0.590019166469574,0.5024490356445312,0.3866768181324005,0.5948672294616699,,,,,,,,,,,,,,,,0.4999992251396179,0.14796455204486847,0.0,0.0,8.835598945617676,0.0,0.0,0.0003000000142492354,9.999999747378752e-05,0.5,8.028494834899902
16800,,,,,,,,,,,,,,,,,,,,,,,,,,,,,,,0.4999995827674866,0.0986444428563118,0.0,0.0,8.275603294372559,0.0,0.0,0.0003000000142492354,9.999999747378752e-05,0.5,8.045341491699219
17100,,,,,,,,,,,,,,,,,,,,,,,,,,,,,,,0.4540742337703705,0.13029681146144867,0.0,0.0,8.223923683166504,0.0,0.0,0.0003000000142492354,9.999999747378752e-05,0.5,8.065082550048828
17400,,,,,,,,,,,,,,,,,,,,,,,,,,,,,,,0.4999997913837433,0.11304324865341187,0.0,0.0,9.347946166992188,0.0,0.0,0.0003000000142492354,9.999999747378752e-05,0.5,8.079374313354492
17700,,,,,,,,,,,,,,,,,,,,,,,,,,,,,,,0.49999919533729553,0.17905890941619873,0.0,0.0,8.95645523071289,0.0,0.0,0.0003000000142492354,9.999999747378752e-05,0.5,8.099928855895996
18000,0.546630859375,1.2934297323226929,1.9796570539474487,0.527374267578125,0.2724132537841797,0.4446633756160736,0.45760345458984375,1.2421202659606934,1.73928701877594,0.48248291015625,0.3934181332588196,0.5943112969398499,0.5021591186523438,0.37807464599609375,0.5951299071311951,,,,,,,,,,,,,,,,0.46372756361961365,0.18422789871692657,0.0,0.0,8.040905952453613,0.0,0.0,0.0003000000142492354,9.999999747378752e-05,0.5,8.120405197143555
18300,,,,,,,,,,,,,,,,,,,,,,,,,,,,,,,0.47876477241516113,0.18448229134082794,0.0,0.0,8.582995414733887,0.0,0.0,0.0003000000142492354,9.999999747378752e-05,0.5,8.135797500610352
18600,,,,,,,,,,,,,,,,,,,,,,,,,,,,,,,0.4999992549419403,0.15495125949382782,0.0,0.0,8.541948318481445,0.0,0.0,0.0003000000142492354,9.999999747378752e-05,0.5,8.156617164611816
18900,,,,,,,,,,,,,,,,,,,,,,,,,,,,,,,0.4707009196281433,0.15482422709465027,0.0,0.0,9.292733192443848,0.0,0.0,0.0003000000142492354,9.999999747378752e-05,0.5,8.176462173461914
19200,,,,,,,,,,,,,,,,,,,,,,,,,,,,,,,0.49999910593032837,0.147294282913208,0.0,0.0,9.221364974975586,0.0,0.0,0.0003000000142492354,9.999999747378752e-05,0.5,8.197739601135254
19500,0.5576171875,1.2062121629714966,1.8887335062026978,0.5453948974609375,0.2705978751182556,0.4454255700111389,0.4620208740234375,1.0864570140838623,1.5080015659332275,0.4847564697265625,0.3965708613395691,0.5982691645622253,0.49964141845703125,0.37605053186416626,0.5879389047622681,,,,,,,,,,,,,,,,0.49999895691871643,0.16975188255310059,0.0,0.0,8.847432136535645,0.0,0.0,0.0003000000142492354,9.999999747378752e-05,0.5,8.219327926635742
19800,,,,,,,,,,,,,,,,,,,,,,,,,,,,,,,0.4958154857158661,0.15750640630722046,0.0,0.0,8.992570877075195,0.0,0.0,0.0003000000142492354,9.999999747378752e-05,0.5,8.238511085510254
20100,,,,,,,,,,,,,,,,,,,,,,,,,,,,,,,0.49999916553497314,0.10422157496213913,0.0,0.0,9.901737213134766,0.0,0.0,0.0003000000142492354,9.999999747378752e-05,0.5,8.255348205566406
20400,,,,,,,,,,,,,,,,,,,,,,,,,,,,,,,0.2968478798866272,0.10964799672365189,0.0,0.0,9.079448699951172,0.0,0.0,0.0003000000142492354,9.999999747378752e-05,0.5,8.271766662597656
20700,,,,,,,,,,,,,,,,,,,,,,,,,,,,,,,0.36975136399269104,0.11594071984291077,0.0,0.0,9.49997615814209,0.0,0.0,0.0003000000142492354,9.999999747378752e-05,0.5,8.286903381347656
21000,0.550048828125,1.2994621992111206,1.9797654151916504,0.5499114990234375,0.26394522190093994,0.43764182925224304,0.46616363525390625,1.2137895822525024,1.6861295700073242,0.476837158203125,0.38983726501464844,0.5983332395553589,0.503143310546875,0.36819952726364136,0.5892675518989563,,,,,,,,,,,,,,,,0.49999913573265076,0.13203559815883636,0.0,0.0,9.431608200073242,0.0,0.0,0.0003000000142492354,9.999999747378752e-05,0.5,8.302165985107422
21300,,,,,,,,,,,,,,,,,,,,,,,,,,,,,,,0.49999910593032837,0.17386716604232788,0.0,0.0,8.529882431030273,0.0,0.0,0.0003000000142492354,9.999999747378752e-05,0.5,8.317096710205078
21600,,,,,,,,,,,,,,,,,,,,,,,,,,,,,,,0.4999993145465851,0.14316442608833313,0.0,0.0,9.834028244018555,0.0,0.0,0.0003000000142492354,9.999999747378752e-05,0.5,8.335695266723633
21900,,,,,,,,,,,,,,,,,,,,,,,,,,,,,,,0.49999916553497314,0.10540394484996796,0.0,0.0,10.843337059020996,0.0,0.0,0.0003000000142492354,9.999999747378752e-05,0.5,8.35762882232666
22200,,,,,,,,,,,,,,,,,,,,,,,,,,,,,,,0.435692697763443,0.12653572857379913,0.0,0.0,10.264408111572266,0.0,0.0,0.0003000000142492354,9.999999747378752e-05,0.5,8.372637748718262
22500,0.53515625,1.4259824752807617,2.1901779174804688,0.554595947265625,0.2577788233757019,0.43614208698272705,0.46173858642578125,1.2781484127044678,1.7694189548492432,0.47418212890625,0.3839688301086426,0.5977386236190796,0.49535369873046875,0.36530885100364685,0.5787461400032043,,,,,,,,,,,,,,,,0.499999076128006,0.1404009312391281,0.0,0.0,10.2532958984375,0.0,0.0,0.0003000000142492354,9.999999747378752e-05,0.5,8.387018203735352
22800,,,,,,,,,,,,,,,,,,,,,,,,,,,,,,,0.4415396451950073,0.12151696532964706,0.0,0.0,10.139480590820312,0.0,0.0,0.0003000000142492354,9.999999747378752e-05,0.5,8.404096603393555
23100,,,,,,,,,,,,,,,,,,,,,,,,,,,,,,,0.499999076128006,0.13846111297607422,0.0,0.0,10.613974571228027,0.0,0.0,0.0003000000142492354,9.999999747378752e-05,0.5,8.42374324798584
23400,,,,,,,,,,,,,,,,,,,,,,,,,,,,,,,0.4999992847442627,0.16173824667930603,0.0,0.0,9.004979133605957,0.0,0.0,0.0003000000142492354,9.999999747378752e-05,0.5,8.443366050720215
23700,,,,,,,,,,,,,,,,,,,,,,,,,,,,,,,0.4999999701976776,0.08563121408224106,0.0,0.0,23.872108459472656,0.0,0.0,0.0003000000142492354,9.999999747378752e-05,0.5,8.484618186950684
24000,0.521240234375,2.0965094566345215,3.2433688640594482,0.55657958984375,0.2586045563220978,0.4764115810394287,0.487152099609375,2.015078544616699,3.3525681495666504,0.4749298095703125,0.4121197760105133,0.5749809741973877,0.517364501953125,0.3838629722595215,0.5875939130783081,,,,,,,,,,,,,,,,0.49999991059303284,0.16360530257225037,0.0,0.0,21.703933715820312,0.0,0.0,0.0003000000142492354,9.999999747378752e-05,0.5,8.480770111083984
24300,,,,,,,,,,,,,,,,,,,,,,,,,,,,,,,0.4999997913837433,0.21840634942054749,0.0,0.0,15.983660697937012,0.0,0.0,0.0003000000142492354,9.999999747378752e-05,0.5,8.49711799621582
24600,,,,,,,,,,,,,,,,,,,,,,,,,,,,,,,0.49999964237213135,0.18949361145496368,0.0,0.0,17.39759063720703,0.0,0.0,0.0003000000142492354,9.999999747378752e-05,0.5,8.522095680236816
24900,,,,,,,,,,,,,,,,,,,,,,,,,,,,,,,0.49999961256980896,0.2211291342973709,0.0,0.0,15.077685356140137,0.0,0.0,0.0003000000142492354,9.999999747378752e-05,0.5,8.547795295715332
25200,,,,,,,,,,,,,,,,,,,,,,,,,,,,,,,0.49999943375587463,0.18065886199474335,0.0,0.0,15.248137474060059,0.0,0.0,0.0003000000142492354,9.999999747378752e-05,0.5,8.575247764587402
25500,0.470703125,2.2885067462921143,3.11321759223938,0.5663909912109375,0.25116515159606934,0.4361146092414856,0.47913360595703125,1.590874195098877,2.2687063217163086,0.47216796875,0.39788857102394104,0.591766357421875,0.50115966796875,0.37208718061447144,0.5756564736366272,,,,,,,,,,,,,,,,0.49999919533729553,0.2097005993127823,0.0,0.0,16.38024139404297,0.0,0.0,0.0003000000142492354,9.999999747378752e-05,0.5,8.60178279876709
25800,,,,,,,,,,,,,,,,,,,,,,,,,,,,,,,0.49999910593032837,0.17999210953712463,0.0,0.0,16.581501007080078,0.0,0.0,0.0003000000142492354,9.999999747378752e-05,0.5,8.628521919250488
26100,,,,,,,,,,,,,,,,,,,,,,,,,,,,,,,0.4999992549419403,0.24941527843475342,0.0,0.0,15.672428131103516,0.0,0.0,0.0003000000142492354,9.999999747378752e-05,0.5,8.656085968017578
26400,,,,,,,,,,,,,,,,,,,,,,,,,,,,,,,0.4999993145465851,0.21162961423397064,0.0,0.0,15.576699256896973,0.0,0.0,0.0003000000142492354,9.999999747378752e-05,0.5,8.682791709899902
26700,,,,,,,,,,,,,,,,,,,,,,,,,,,,,,,0.49999934434890747,0.18191619217395782,0.0,0.0,16.873310089111328,0.0,0.0,0.0003000000142492354,9.999999747378752e-05,0.5,8.708098411560059
27000,0.475341796875,2.3011341094970703,3.2033603191375732,0.5792999267578125,0.2457849681377411,0.443880170583725,0.48574066162109375,1.6722605228424072,2.3792645931243896,0.466461181640625,0.397160142660141,0.5915687084197998,0.5009994506835938,0.365866482257843,0.5743487477302551,,,,,,,,,,,,,,,,0.49999919533729553,0.19237561523914337,0.0,0.0,18.852874755859375,0.0,0.0,0.0003000000142492354,9.999999747378752e-05,0.5,8.733388900756836
27300,,,,,,,,,,,,,,,,,,,,,,,,,,,,,,,0.4999992549419403,0.24855937063694,0.0,0.0,15.54781436920166,0.0,0.0,0.0003000000142492354,9.999999747378752e-05,0.5,8.752583503723145
27600,,,,,,,,,,,,,,,,,,,,,,,,,,,,,,,0.4999995231628418,0.1887306272983551,0.0,0.0,16.670928955078125,0.0,0.0,0.0003000000142492354,9.999999747378752e-05,0.5,8.778358459472656
27900,,,,,,,,,,,,,,,,,,,,,,,,,,,,,,,0.4999994933605194,0.17631132900714874,0.0,0.0,16.58742332458496,0.0,0.0,0.0003000000142492354,9.999999747378752e-05,0.5,8.794585227966309
28200,,,,,,,,,,,,,,,,,,,,,,,,,,,,,,,0.49999934434890747,0.22165438532829285,0.0,0.0,15.172410011291504,0.0,0.0,0.0003000000142492354,9.999999747378752e-05,0.5,8.815359115600586
28500,0.493408203125,2.4073524475097656,3.4169158935546875,0.5824737548828125,0.2378024011850357,0.44518357515335083,0.48874664306640625,1.9120500087738037,2.7430851459503174,0.4696502685546875,0.3945116102695465,0.5896625518798828,0.5088348388671875,0.36529889702796936,0.5785099267959595,,,,,,,,,,,,,,,,0.4999994933605194,0.18587639927864075,0.0,0.0,18.036256790161133,0.0,0.0,0.0003000000142492354,9.999999747378752e-05,0.5,8.836121559143066
28800,,,,,,,,,,,,,,,,,,,,,,,,,,,,,,,0.49999940395355225,0.14724503457546234,0.0,0.0,14.380793571472168,0.0,0.0,0.0003000000142492354,9.999999747378752e-05,0.5,8.855203628540039
29100,,,,,,,,,,,,,,,,,,,,,,,,,,,,,,,0.49999937415122986,0.12682968378067017,0.0,0.0,18.04829978942871,0.0,0.0,0.0003000000142492354,9.999999747378752e-05,0.5,8.875815391540527
29400,,,,,,,,,,,,,,,,,,,,,,,,,,,,,,,0.4999995529651642,0.12616614997386932,0.0,0.0,20.34498405456543,0.0,0.0,0.0003000000142492354,9.999999747378752e-05,0.5,8.898382186889648
29700,,,,,,,,,,,,,,,,,,,,,,,,,,,,,,,0.4999992847442627,0.19047152996063232,0.0,0.0,16.911256790161133,0.0,0.0,0.0003000000142492354,9.999999747378752e-05,0.5,8.916655540466309
30000,0.474609375,2.4336397647857666,3.4223129749298096,0.5816802978515625,0.23902714252471924,0.43582260608673096,0.5042877197265625,1.7144877910614014,2.5430524349212646,0.4680328369140625,0.3917738199234009,0.5910965800285339,0.5032424926757812,0.3645018935203552,0.5716363191604614,,,,,,,,,,,,,,,,0.49999940395355225,0.262206494808197,0.0,0.0,18.59374237060547,0.0,0.0,0.0003000000142492354,9.999999747378752e-05,0.5,8.939541816711426
30300,,,,,,,,,,,,,,,,,,,,,,,,,,,,,,,0.48034220933914185,0.19535589218139648,0.0,0.0,15.651422500610352,0.0,0.0,0.0003000000142492354,9.999999747378752e-05,0.5,8.959271430969238
30600,,,,,,,,,,,,,,,,,,,,,,,,,,,,,,,0.4999990463256836,0.16285133361816406,0.0,0.0,19.286880493164062,0.0,0.0,0.0003000000142492354,9.999999747378752e-05,0.5,8.980581283569336
30900,,,,,,,,,,,,,,,,,,,,,,,,,,,,,,,0.49999937415122986,0.2438199520111084,0.0,0.0,18.97983169555664,0.0,0.0,0.0003000000142492354,9.999999747378752e-05,0.5,9.001347541809082
31200,,,,,,,,,,,,,,,,,,,,,,,,,,,,,,,0.49999919533729553,0.2546180784702301,0.0,0.0,18.52726936340332,0.0,0.0,0.0003000000142492354,9.999999747378752e-05,0.5,9.02129077911377
31500,0.481201171875,2.5145797729492188,3.5210378170013428,0.5839080810546875,0.2395915985107422,0.4394797384738922,0.5109176635742188,1.7558437585830688,2.6135759353637695,0.470367431640625,0.3978235721588135,0.5889425277709961,0.5050430297851562,0.3651106357574463,0.5678700804710388,,,,,,,,,,,,,,,,0.4999993145465851,0.20094670355319977,0.0,0.0,18.263391494750977,0.0,0.0,0.0003000000142492354,9.999999747378752e-05,0.5,9.041566848754883
31800,,,,,,,,,,,,,,,,,,,,,,,,,,,,,,,0.499999076128006,0.20765481889247894,0.0,0.0,17.960901260375977,0.0,0.0,0.0003000000142492354,9.999999747378752e-05,0.5,9.062602043151855
32100,,,,,,,,,,,,,,,,,,,,,,,,,,,,,,,0.4999992251396179,0.18643254041671753,0.0,0.0,18.647064208984375,0.0,0.0,0.0003000000142492354,9.999999747378752e-05,0.5,9.080449104309082
32400,,,,,,,,,,,,,,,,,,,,,,,,,,,,,,,0.4999993145465851,0.1906302571296692,0.0,0.0,21.12794303894043,0.0,0.0,0.0003000000142492354,9.999999747378752e-05,0.5,9.101694107055664
32700,,,,,,,,,,,,,,,,,,,,,,,,,,,,,,,0.4999992847442627,0.25144580006599426,0.0,0.0,18.67058563232422,0.0,0.0,0.0003000000142492354,9.999999747378752e-05,0.5,9.121270179748535
33000,0.478271484375,2.529961347579956,3.5469112396240234,0.5841217041015625,0.23321813344955444,0.429680198431015,0.5138931274414062,1.7994582653045654,2.7110626697540283,0.4686279296875,0.3896671235561371,0.5951257944107056,0.5112152099609375,0.3585735857486725,0.5704328417778015,,,,,,,,,,,,,,,,0.4999995827674866,0.15479297935962677,0.0,0.0,20.42768669128418,0.0,0.0,0.0003000000142492354,9.999999747378752e-05,0.5,9.142020225524902
33300,,,,,,,,,,,,,,,,,,,,,,,,,,,,,,,0.4999993145465851,0.17827709019184113,0.0,0.0,19.080320358276367,0.0,0.0,0.0003000000142492354,9.999999747378752e-05,0.5,9.1626615524292
33600,,,,,,,,,,,,,,,,,,,,,,,,,,,,,,,0.4999992847442627,0.15769751369953156,0.0,0.0,15.237364768981934,0.0,0.0,0.0003000000142492354,9.999999747378752e-05,0.5,9.181882858276367
33900,,,,,,,,,,,,,,,,,,,,,,,,,,,,,,,0.4999992251396179,0.1680922657251358,0.0,0.0,18.170408248901367,0.0,0.0,0.0003000000142492354,9.999999747378752e-05,0.5,9.199393272399902
34200,,,,,,,,,,,,,,,,,,,,,,,,,,,,,,,0.499999463558197,0.20147956907749176,0.0,0.0,19.467702865600586,0.0,0.0,0.0003000000142492354,9.999999747378752e-05,0.5,9.222558975219727
34500,0.494140625,2.5182855129241943,3.591082811355591,0.59271240234375,0.23148304224014282,0.43760108947753906,0.5178451538085938,1.7846803665161133,2.7024970054626465,0.47235107421875,0.3882209062576294,0.5927342176437378,0.5104751586914062,0.3571202754974365,0.5661349296569824,,,,,,,,,,,,,,,,0.49999934434890747,0.16085156798362732,0.0,0.0,19.484933853149414,0.0,0.0,0.0003000000142492354,9.999999747378752e-05,0.5,9.242227554321289
34800,,,,,,,,,,,,,,,,,,,,,,,,,,,,,,,0.49999934434890747,0.1857690066099167,0.0,0.0,17.380435943603516,0.0,0.0,0.0003000000142492354,9.999999747378752e-05,0.5,9.264320373535156
35100,,,,,,,,,,,,,,,,,,,,,,,,,,,,,,,0.4999994933605194,0.16298095881938934,0.0,0.0,19.25453758239746,0.0,0.0,0.0003000000142492354,9.999999747378752e-05,0.5,9.284528732299805
35400,,,,,,,,,,,,,,,,,,,,,,,,,,,,,,,0.4999992847442627,0.21625463664531708,0.0,0.0,17.209102630615234,0.0,0.0,0.0003000000142492354,9.999999747378752e-05,0.5,9.3030424118042
35700,,,,,,,,,,,,,,,,,,,,,,,,,,,,,,,0.4999990165233612,0.21035991609096527,0.0,0.0,17.392728805541992,0.0,0.0,0.0003000000142492354,9.999999747378752e-05,0.5,9.325213432312012
36000,0.484375,2.4411075115203857,3.510056257247925,0.598388671875,0.22792501747608185,0.44172003865242004,0.5108642578125,1.748253345489502,2.630828619003296,0.4650726318359375,0.38399815559387207,0.592143714427948,0.5078659057617188,0.34129220247268677,0.563610315322876,,,,,,,,,,,,,,,,0.4999994933605194,0.20621904730796814,0.0,0.0,17.964067459106445,0.0,0.0,0.0003000000142492354,9.999999747378752e-05,0.5,9.345349311828613
36300,,,,,,,,,,,,,,,,,,,,,,,,,,,,,,,0.4999992251396179,0.25550517439842224,0.0,0.0,18.05451011657715,0.0,0.0,0.0003000000142492354,9.999999747378752e-05,0.5,9.363774299621582
36600,,,,,,,,,,,,,,,,,,,,,,,,,,,,,,,0.4999990165233612,0.21517887711524963,0.0,0.0,19.147266387939453,0.0,0.0,0.0003000000142492354,9.999999747378752e-05,0.5,9.384458541870117
36900,,,,,,,,,,,,,,,,,,,,,,,,,,,,,,,0.49999919533729553,0.22304338216781616,0.0,0.0,19.196441650390625,0.0,0.0,0.0003000000142492354,9.999999747378752e-05,0.5,9.406314849853516
37200,,,,,,,,,,,,,,,,,,,,,,,,,,,,,,,0.4999995231628418,0.17512603104114532,0.0,0.0,17.243736267089844,0.0,0.0,0.0003000000142492354,9.999999747378752e-05,0.5,9.424410820007324
37500,0.480712890625,2.4306814670562744,3.464714527130127,0.5875701904296875,0.22655008733272552,0.4231286942958832,0.5341567993164062,1.610614538192749,2.5095276832580566,0.4696502685546875,0.3824083209037781,0.5965133905410767,0.5019073486328125,0.344256192445755,0.5574926733970642,,,,,,,,,,,,,,,,0.49999940395355225,0.24545828998088837,0.0,0.0,19.979969024658203,0.0,0.0,0.0003000000142492354,9.999999747378752e-05,0.5,9.44345474243164
37800,,,,,,,,,,,,,,,,,,,,,,,,,,,,,,,0.49999937415122986,0.19936729967594147,0.0,0.0,18.964012145996094,0.0,0.0,0.0003000000142492354,9.999999747378752e-05,0.5,9.463619232177734
38100,,,,,,,,,,,,,,,,,,,,,,,,,,,,,,,0.4999995529651642,0.20367741584777832,0.0,0.0,18.31854248046875,0.0,0.0,0.0003000000142492354,9.999999747378752e-05,0.5,9.482852935791016
38400,,,,,,,,,,,,,,,,,,,,,,,,,,,,,,,0.4999992549419403,0.27098342776298523,0.0,0.0,18.482450485229492,0.0,0.0,0.0003000000142492354,9.999999747378752e-05,0.5,9.505919456481934
38700,,,,,,,,,,,,,,,,,,,,,,,,,,,,,,,0.4999992549419403,0.2456662505865097,0.0,0.0,21.741100311279297,0.0,0.0,0.0003000000142492354,9.999999747378752e-05,0.5,9.526031494140625
39000,0.47705078125,2.629904270172119,3.7275261878967285,0.5977325439453125,0.22564388811588287,0.43533259630203247,0.5204849243164062,1.9484329223632812,2.967637300491333,0.4654998779296875,0.384056955575943,0.5893715620040894,0.5091171264648438,0.34883254766464233,0.5606310367584229,,,,,,,,,,,,,,,,0.4999992847442627,0.2459716796875,0.0,0.0,19.451013565063477,0.0,0.0,0.0003000000142492354,9.999999747378752e-05,0.5,9.544551849365234
39300,,,,,,,,,,,,,,,,,,,,,,,,,,,,,,,0.49999937415122986,0.24509775638580322,0.0,0.0,22.210176467895508,0.0,0.0,0.0003000000142492354,9.999999747378752e-05,0.5,9.564276695251465
39600,,,,,,,,,,,,,,,,,,,,,,,,,,,,,,,0.49999943375587463,0.2520788013935089,0.0,0.0,20.967477798461914,0.0,0.0,0.0003000000142492354,9.999999747378752e-05,0.5,9.584766387939453
39900,,,,,,,,,,,,,,,,,,,,,,,,,,,,,,,0.4999992549419403,0.22178618609905243,0.0,0.0,25.379152297973633,0.0,0.0,0.0003000000142492354,9.999999747378752e-05,0.5,9.603736877441406
40200,,,,,,,,,,,,,,,,,,,,,,,,,,,,,,,0.49999937415122986,0.23361222445964813,0.0,0.0,22.41556739807129,0.0,0.0,0.0003000000142492354,9.999999747378752e-05,0.5,9.622065544128418
40500,0.474365234375,2.6015894412994385,3.793616771697998,0.591644287109375,0.22833918035030365,0.42867720127105713,0.5034942626953125,2.0300683975219727,2.9735536575317383,0.4683074951171875,0.3762238025665283,0.5930787920951843,0.516143798828125,0.34103572368621826,0.5618854761123657,,,,,,,,,,,,,,,,0.49999943375587463,0.22554488480091095,0.0,0.0,25.706584930419922,0.0,0.0,0.0003000000142492354,9.999999747378752e-05,0.5,9.640227317810059
40800,,,,,,,,,,,,,,,,,,,,,,,,,,,,,,,0.4999993145465851,0.22465553879737854,0.0,0.0,24.33331871032715,0.0,0.0,0.0003000000142492354,9.999999747378752e-05,0.5,9.6576566696167
41100,,,,,,,,,,,,,,,,,,,,,,,,,,,,,,,0.4999994933605194,0.1668911576271057,0.0,0.0,31.02580451965332,0.0,0.0,0.0003000000142492354,9.999999747378752e-05,0.5,9.676178932189941
41400,,,,,,,,,,,,,,,,,,,,,,,,,,,,,,,0.4999993145465851,0.1567738950252533,0.0,0.0,25.140138626098633,0.0,0.0,0.0003000000142492354,9.999999747378752e-05,0.5,9.690512657165527
41700,,,,,,,,,,,,,,,,,,,,,,,,,,,,,,,0.49999937415122986,0.18046343326568604,0.0,0.0,26.179153442382812,0.0,0.0,0.0003000000142492354,9.999999747378752e-05,0.5,9.705110549926758
42000,0.47021484375,2.7435872554779053,3.8834517002105713,0.60198974609375,0.23008319735527039,0.44139060378074646,0.5170059204101562,1.9802130460739136,2.983039617538452,0.469818115234375,0.3826168477535248,0.5900734663009644,0.5127487182617188,0.34614768624305725,0.558538556098938,,,,,,,,,,,,,,,,0.4999993145465851,0.20999744534492493,0.0,0.0,23.094511032104492,0.0,0.0,0.0003000000142492354,9.999999747378752e-05,0.5,9.722552299499512
42300,,,,,,,,,,,,,,,,,,,,,,,,,,,,,,,0.499999463558197,0.21198295056819916,0.0,0.0,25.72427749633789,0.0,0.0,0.0003000000142492354,9.999999747378752e-05,0.5,9.739852905273438
42600,,,,,,,,,,,,,,,,,,,,,,,,,,,,,,,0.49999916553497314,0.24879105389118195,0.0,0.0,24.068130493164062,0.0,0.0,0.0003000000142492354,9.999999747378752e-05,0.5,9.754168510437012
42900,,,,,,,,,,,,,,,,,,,,,,,,,,,,,,,0.4999990463256836,0.2715931534767151,0.0,0.0,20.233396530151367,0.0,0.0,0.0003000000142492354,9.999999747378752e-05,0.5,9.76905345916748
43200,,,,,,,,,,,,,,,,,,,,,,,,,,,,,,,0.49999940395355225,0.2598007321357727,0.0,0.0,22.33071517944336,0.0,0.0,0.0003000000142492354,9.999999747378752e-05,0.5,9.785682678222656
43500,0.462890625,2.695983648300171,3.7120285034179688,0.604461669921875,0.22487589716911316,0.4380873441696167,0.5346221923828125,1.7794532775878906,2.774625539779663,0.470367431640625,0.3905322551727295,0.5815622210502625,0.5119705200195312,0.34862369298934937,0.5555348992347717,,,,,,,,,,,,,,,,0.49999934434890747,0.2128852754831314,0.0,0.0,21.6585693359375,0.0,0.0,0.0003000000142492354,9.999999747378752e-05,0.5,9.801568031311035
43800,,,,,,,,,,,,,,,,,,,,,,,,,,,,,,,0.4999995827674866,0.1490228772163391,0.0,0.0,20.96063232421875,0.0,0.0,0.0003000000142492354,9.999999747378752e-05,0.5,9.81812858581543
44100,,,,,,,,,,,,,,,,,,,,,,,,,,,,,,,0.4999992549419403,0.2512497007846832,0.0,0.0,20.12323570251465,0.0,0.0,0.0003000000142492354,9.999999747378752e-05,0.5,9.832453727722168
44400,,,,,,,,,,,,,,,,,,,,,,,,,,,,,,,0.49999937415122986,0.1651582270860672,0.0,0.0,21.69703483581543,0.0,0.0,0.0003000000142492354,9.999999747378752e-05,0.5,9.849383354187012
44700,,,,,,,,,,,,,,,,,,,,,,,,,,,,,,,0.49999934434890747,0.24494706094264984,0.0,0.0,21.52687644958496,0.0,0.0,0.0003000000142492354,9.999999747378752e-05,0.5,9.867222785949707
45000,0.470703125,2.702357769012451,3.818173885345459,0.6116485595703125,0.21833127737045288,0.44414660334587097,0.53271484375,1.8849782943725586,2.9539287090301514,0.4692535400390625,0.3817058801651001,0.5813674926757812,0.5121994018554688,0.3403242826461792,0.5534500479698181,,,,,,,,,,,,,,,,0.49999919533729553,0.22082100808620453,0.0,0.0,18.615976333618164,0.0,0.0,0.0003000000142492354,9.999999747378752e-05,0.5,9.883807182312012
45300,,,,,,,,,,,,,,,,,,,,,,,,,,,,,,,0.49999919533729553,0.22981420159339905,0.0,0.0,20.024038314819336,0.0,0.0,0.0003000000142492354,9.999999747378752e-05,0.5,9.897619247436523
45600,,,,,,,,,,,,,,,,,,,,,,,,,,,,,,,0.4999992847442627,0.17638586461544037,0.0,0.0,22.80851936340332,0.0,0.0,0.0003000000142492354,9.999999747378752e-05,0.5,9.91270923614502
45900,,,,,,,,,,,,,,,,,,,,,,,,,,,,,,,0.4999992847442627,0.1812785118818283,0.0,0.0,21.521055221557617,0.0,0.0,0.0003000000142492354,9.999999747378752e-05,0.5,9.928223609924316
46200,,,,,,,,,,,,,,,,,,,,,,,,,,,,,,,0.4999992549419403,0.18477101624011993,0.0,0.0,23.884014129638672,0.0,0.0,0.0003000000142492354,9.999999747378752e-05,0.5,9.94560718536377
46500,0.488037109375,2.560145139694214,3.8290653228759766,0.6009063720703125,0.2135700285434723,0.4230025112628937,0.5505523681640625,1.7378320693969727,2.794067144393921,0.4665985107421875,0.3776601552963257,0.5869634747505188,0.515655517578125,0.3353368937969208,0.5512139201164246,,,,,,,,,,,,,,,,0.4999993145465851,0.20959463715553284,0.0,0.0,24.075313568115234,0.0,0.0,0.0003000000142492354,9.999999747378752e-05,0.5,9.95977783203125
46800,,,,,,,,,,,,,,,,,,,,,,,,,,,,,,,0.49999961256980896,0.19929976761341095,0.0,0.0,22.544822692871094,0.0,0.0,0.0003000000142492354,9.999999747378752e-05,0.5,9.974204063415527
47100,,,,,,,,,,,,,,,,,,,,,,,,,,,,,,,0.49999919533729553,0.18748271465301514,0.0,0.0,22.247751235961914,0.0,0.0,0.0003000000142492354,9.999999747378752e-05,0.5,9.989818572998047
47400,,,,,,,,,,,,,,,,,,,,,,,,,,,,,,,0.4999992847442627,0.20926378667354584,0.0,0.0,23.489219665527344,0.0,0.0,0.0003000000142492354,9.999999747378752e-05,0.5,10.00285816192627
47700,,,,,,,,,,,,,,,,,,,,,,,,,,,,,,,0.49999961256980896,0.14572633802890778,0.0,0.0,24.42660140991211,0.0,0.0,0.0003000000142492354,9.999999747378752e-05,0.5,10.016395568847656
48000,0.474853515625,2.6398544311523438,3.752183437347412,0.6131439208984375,0.21691375970840454,0.43391114473342896,0.5460433959960938,1.7579543590545654,2.7887589931488037,0.4697113037109375,0.3791198432445526,0.5862261652946472,0.5111465454101562,0.33464163541793823,0.5451244115829468,,,,,,,,,,,,,,,,0.4999992251396179,0.18955449759960175,0.0,0.0,23.38238525390625,0.0,0.0,0.0003000000142492354,9.999999747378752e-05,0.5,10.030075073242188
48300,,,,,,,,,,,,,,,,,,,,,,,,,,,,,,,0.49999964237213135,0.1438828408718109,0.0,0.0,26.873401641845703,0.0,0.0,0.0003000000142492354,9.999999747378752e-05,0.5,10.046792984008789
48600,,,,,,,,,,,,,,,,,,,,,,,,,,,,,,,0.4999994933605194,0.18716134130954742,0.0,0.0,23.721118927001953,0.0,0.0,0.0003000000142492354,9.999999747378752e-05,0.5,10.060927391052246
48900,,,,,,,,,,,,,,,,,,,,,,,,,,,,,,,0.4999995529651642,0.16145077347755432,0.0,0.0,26.391803741455078,0.0,0.0,0.0003000000142492354,9.999999747378752e-05,0.5,10.075987815856934
49200,,,,,,,,,,,,,,,,,,,,,,,,,,,,,,,0.49999937415122986,0.19299353659152985,0.0,0.0,24.60610580444336,0.0,0.0,0.0003000000142492354,9.999999747378752e-05,0.5,10.090635299682617
49500,0.4755859375,2.7261252403259277,3.8422248363494873,0.613311767578125,0.21472673118114471,0.431493878364563,0.545745849609375,1.7836917638778687,2.8316397666931152,0.4691925048828125,0.3802793622016907,0.5842587351799011,0.514312744140625,0.3340011537075043,0.5430684089660645,,,,,,,,,,,,,,,,0.4999995827674866,0.22549763321876526,0.0,0.0,23.300159454345703,0.0,0.0,0.0003000000142492354,9.999999747378752e-05,0.5,10.105148315429688
49800,,,,,,,,,,,,,,,,,,,,,,,,,,,,,,,0.49999937415122986,0.18284837901592255,0.0,0.0,28.421428680419922,0.0,0.0,0.0003000000142492354,9.999999747378752e-05,0.5,10.118828773498535
50100,,,,,,,,,,,,,,,,,,,,,,,,,,,,,,,0.4999992847442627,0.28515106439590454,0.0,0.0,21.88315773010254,0.0,0.0,0.0003000000142492354,9.999999747378752e-05,0.5,10.135971069335938
50400,,,,,,,,,,,,,,,,,,,,,,,,,,,,,,,0.49999937415122986,0.252401202917099,0.0,0.0,25.491207122802734,0.0,0.0,0.0003000000142492354,9.999999747378752e-05,0.5,10.151411056518555
50700,,,,,,,,,,,,,,,,,,,,,,,,,,,,,,,0.49999934434890747,0.2037615180015564,0.0,0.0,27.37029266357422,0.0,0.0,0.0003000000142492354,9.999999747378752e-05,0.5,10.16671371459961
51000,0.4658203125,2.822115659713745,4.0118865966796875,0.6071929931640625,0.21637412905693054,0.4216915965080261,0.51641845703125,2.0877482891082764,3.1761069297790527,0.4673004150390625,0.3706960678100586,0.5847455859184265,0.52142333984375,0.33145907521247864,0.547852635383606,,,,,,,,,,,,,,,,0.499999463558197,0.17523100972175598,0.0,0.0,27.959022521972656,0.0,0.0,0.0003000000142492354,9.999999747378752e-05,0.5,10.18000316619873
51300,,,,,,,,,,,,,,,,,,,,,,,,,,,,,,,0.49999943375587463,0.1960650086402893,0.0,0.0,27.310354232788086,0.0,0.0,0.0003000000142492354,9.999999747378752e-05,0.5,10.195648193359375
51600,,,,,,,,,,,,,,,,,,,,,,,,,,,,,,,0.4999994933605194,0.1828596293926239,0.0,0.0,28.887784957885742,0.0,0.0,0.0003000000142492354,9.999999747378752e-05,0.5,10.206865310668945
51900,,,,,,,,,,,,,,,,,,,,,,,,,,,,,,,0.49999937415122986,0.21665538847446442,0.0,0.0,26.641605377197266,0.0,0.0,0.0003000000142492354,9.999999747378752e-05,0.5,10.21996021270752
52200,,,,,,,,,,,,,,,,,,,,,,,,,,,,,,,0.4999993145465851,0.18919619917869568,0.0,0.0,25.100643157958984,0.0,0.0,0.0003000000142492354,9.999999747378752e-05,0.5,10.233881950378418
52500,0.451171875,2.996783971786499,4.08236026763916,0.6110382080078125,0.21904656291007996,0.42778465151786804,0.521087646484375,2.1301822662353516,3.238227605819702,0.468475341796875,0.3838943541049957,0.5754624605178833,0.51959228515625,0.33408939838409424,0.5389150381088257,,,,,,,,,,,,,,,,0.4999995827674866,0.1833326816558838,0.0,0.0,31.812654495239258,0.0,0.0,0.0003000000142492354,9.999999747378752e-05,0.5,10.25186824798584
52800,,,,,,,,,,,,,,,,,,,,,,,,,,,,,,,0.4999995529651642,0.179341122508049,0.0,0.0,31.148664474487305,0.0,0.0,0.0003000000142492354,9.999999747378752e-05,0.5,10.268035888671875
53100,,,,,,,,,,,,,,,,,,,,,,,,,,,,,,,0.49999943375587463,0.16819140315055847,0.0,0.0,25.679935455322266,0.0,0.0,0.0003000000142492354,9.999999747378752e-05,0.5,10.281123161315918
53400,,,,,,,,,,,,,,,,,,,,,,,,,,,,,,,0.499999463558197,0.14784130454063416,0.0,0.0,29.08149528503418,0.0,0.0,0.0003000000142492354,9.999999747378752e-05,0.5,10.294173240661621
53700,,,,,,,,,,,,,,,,,,,,,,,,,,,,,,,0.4999995231628418,0.17841067910194397,0.0,0.0,32.049564361572266,0.0,0.0,0.0003000000142492354,9.999999747378752e-05,0.5,10.305294036865234
54000,0.449462890625,2.9760026931762695,4.2458720207214355,0.6088714599609375,0.2194165587425232,0.421948105096817,0.5210189819335938,2.177143096923828,3.2976906299591064,0.470001220703125,0.3749397397041321,0.5777726769447327,0.5230255126953125,0.3269723653793335,0.5431321859359741,,,,,,,,,,,,,,,,0.4999993145465851,0.20258519053459167,0.0,0.0,29.273832321166992,0.0,0.0,0.0003000000142492354,9.999999747378752e-05,0.5,10.319352149963379
54300,,,,,,,,,,,,,,,,,,,,,,,,,,,,,,,0.4999992251396179,0.2247709184885025,0.0,0.0,32.58045196533203,0.0,0.0,0.0003000000142492354,9.999999747378752e-05,0.5,10.338655471801758
54600,,,,,,,,,,,,,,,,,,,,,,,,,,,,,,,0.4999995231628418,0.18530911207199097,0.0,0.0,33.17392349243164,0.0,0.0,0.0003000000142492354,9.999999747378752e-05,0.5,10.352154731750488
54900,,,,,,,,,,,,,,,,,,,,,,,,,,,,,,,0.4999993145465851,0.23072946071624756,0.0,0.0,34.858856201171875,0.0,0.0,0.0003000000142492354,9.999999747378752e-05,0.5,10.366458892822266
55200,,,,,,,,,,,,,,,,,,,,,,,,,,,,,,,0.49999943375587463,0.2404583841562271,0.0,0.0,29.917394638061523,0.0,0.0,0.0003000000142492354,9.999999747378752e-05,0.5,10.379252433776855
55500,0.447998046875,2.9301137924194336,4.05864953994751,0.6056671142578125,0.2143431156873703,0.4085794985294342,0.5411605834960938,1.944449543952942,3.068146228790283,0.4792938232421875,0.37929320335388184,0.584435224533081,0.5220947265625,0.3308317959308624,0.5388227105140686,,,,,,,,,,,,,,,,0.49999940395355225,0.2696542739868164,0.0,0.0,30.02634620666504,0.0,0.0,0.0003000000142492354,9.999999747378752e-05,0.5,10.390055656433105
55800,,,,,,,,,,,,,,,,,,,,,,,,,,,,,,,0.49999937415122986,0.23603492975234985,0.0,0.0,33.088836669921875,0.0,0.0,0.0003000000142492354,9.999999747378752e-05,0.5,10.402591705322266
56100,,,,,,,,,,,,,,,,,,,,,,,,,,,,,,,0.49999919533729553,0.24241670966148376,0.0,0.0,33.38372802734375,0.0,0.0,0.0003000000142492354,9.999999747378752e-05,0.5,10.4140043258667
56400,,,,,,,,,,,,,,,,,,,,,,,,,,,,,,,0.49999934434890747,0.23582276701927185,0.0,0.0,36.476200103759766,0.0,0.0,0.0003000000142492354,9.999999747378752e-05,0.5,10.426514625549316
56700,,,,,,,,,,,,,,,,,,,,,,,,,,,,,,,0.4999993145465851,0.24422644078731537,0.0,0.0,32.52159118652344,0.0,0.0,0.0003000000142492354,9.999999747378752e-05,0.5,10.437430381774902
57000,0.4462890625,3.111130475997925,4.253767013549805,0.6073150634765625,0.21869191527366638,0.4181971549987793,0.52423095703125,2.262404680252075,3.4329159259796143,0.4723358154296875,0.37450504302978516,0.5740731358528137,0.5227127075195312,0.3288986086845398,0.538465678691864,,,,,,,,,,,,,,,,0.4999995231628418,0.17358534038066864,0.0,0.0,30.871381759643555,0.0,0.0,0.0003000000142492354,9.999999747378752e-05,0.5,10.450552940368652
57300,,,,,,,,,,,,,,,,,,,,,,,,,,,,,,,0.4999993145465851,0.2047368288040161,0.0,0.0,31.662702560424805,0.0,0.0,0.0003000000142492354,9.999999747378752e-05,0.5,10.463765144348145
57600,,,,,,,,,,,,,,,,,,,,,,,,,,,,,,,0.4999992251396179,0.20143857598304749,0.0,0.0,33.20821762084961,0.0,0.0,0.0003000000142492354,9.999999747378752e-05,0.5,10.476256370544434
57900,,,,,,,,,,,,,,,,,,,,,,,,,,,,,,,0.4999992549419403,0.17818568646907806,0.0,0.0,29.567625045776367,0.0,0.0,0.0003000000142492354,9.999999747378752e-05,0.5,10.489317893981934
58200,,,,,,,,,,,,,,,,,,,,,,,,,,,,,,,0.49999913573265076,0.25126194953918457,0.0,0.0,29.826332092285156,0.0,0.0,0.0003000000142492354,9.999999747378752e-05,0.5,10.502164840698242
58500,0.457763671875,2.96978759765625,4.186553001403809,0.618377685546875,0.21107059717178345,0.42480921745300293,0.5426712036132812,2.006333589553833,3.177800178527832,0.4761199951171875,0.37600964307785034,0.5776240229606628,0.5278701782226562,0.3246222138404846,0.5392784476280212,,,,,,,,,,,,,,,,0.4999992847442627,0.24659927189350128,0.0,0.0,33.536888122558594,0.0,0.0,0.0003000000142492354,9.999999747378752e-05,0.5,10.511521339416504
58800,,,,,,,,,,,,,,,,,,,,,,,,,,,,,,,0.4999994933605194,0.25899168848991394,0.0,0.0,35.604515075683594,0.0,0.0,0.0003000000142492354,9.999999747378752e-05,0.5,10.526714324951172
59100,,,,,,,,,,,,,,,,,,,,,,,,,,,,,,,0.49999937415122986,0.21941959857940674,0.0,0.0,37.2232780456543,0.0,0.0,0.0003000000142492354,9.999999747378752e-05,0.5,10.539702415466309
59400,,,,,,,,,,,,,,,,,,,,,,,,,,,,,,,0.4999992549419403,0.20130111277103424,0.0,0.0,29.087772369384766,0.0,0.0,0.0003000000142492354,9.999999747378752e-05,0.5,10.55219554901123
59700,,,,,,,,,,,,,,,,,,,,,,,,,,,,,,,0.49999937415122986,0.2272484451532364,0.0,0.0,31.18981170654297,0.0,0.0,0.0003000000142492354,9.999999747378752e-05,0.5,10.561545372009277
60000,0.447509765625,2.9608700275421143,4.092629909515381,0.6087493896484375,0.20887629687786102,0.40096789598464966,0.5260772705078125,2.126877546310425,3.244068145751953,0.4735260009765625,0.36614447832107544,0.5802448987960815,0.5287704467773438,0.31624627113342285,0.5345153212547302,,,,,,,,,,,,,,,,0.4999992847442627,0.22599966824054718,0.0,0.0,29.77545166015625,0.0,0.0,0.0003000000142492354,9.999999747378752e-05,0.5,10.574176788330078
60300,,,,,,,,,,,,,,,,,,,,,,,,,,,,,,,0.499999076128006,0.199995219707489,0.0,0.0,27.47240447998047,0.0,0.0,0.0003000000142492354,9.999999747378752e-05,0.5,10.585148811340332
60600,,,,,,,,,,,,,,,,,,,,,,,,,,,,,,,0.49999940395355225,0.1378897726535797,0.0,0.0,32.24020767211914,0.0,0.0,0.0003000000142492354,9.999999747378752e-05,0.5,10.598140716552734
60900,,,,,,,,,,,,,,,,,,,,,,,,,,,,,,,0.4999995529651642,0.21259821951389313,0.0,0.0,32.29630661010742,0.0,0.0,0.0003000000142492354,9.999999747378752e-05,0.5,10.611895561218262
61200,,,,,,,,,,,,,,,,,,,,,,,,,,,,,,,0.49999937415122986,0.18290111422538757,0.0,0.0,29.815723419189453,0.0,0.0,0.0003000000142492354,9.999999747378752e-05,0.5,10.623224258422852
61500,0.44091796875,3.0695338249206543,4.166015625,0.6156005859375,0.20689231157302856,0.41145089268684387,0.5447006225585938,2.008884906768799,3.179598093032837,0.47332763671875,0.3727405071258545,0.5683538913726807,0.5286865234375,0.3212476074695587,0.5313339233398438,,,,,,,,,,,,,,,,0.49999934434890747,0.21748176217079163,0.0,0.0,27.951601028442383,0.0,0.0,0.0003000000142492354,9.999999747378752e-05,0.5,10.636048316955566
61800,,,,,,,,,,,,,,,,,,,,,,,,,,,,,,,0.4999990165233612,0.2311823070049286,0.0,0.0,27.758211135864258,0.0,0.0,0.0003000000142492354,9.999999747378752e-05,0.5,10.647870063781738
62100,,,,,,,,,,,,,,,,,,,,,,,,,,,,,,,0.4999992251396179,0.2241695672273636,0.0,0.0,25.924821853637695,0.0,0.0,0.0003000000142492354,9.999999747378752e-05,0.5,10.65967082977295
62400,,,,,,,,,,,,,,,,,,,,,,,,,,,,,,,0.4999992549419403,0.21096600592136383,0.0,0.0,29.541940689086914,0.0,0.0,0.0003000000142492354,9.999999747378752e-05,0.5,10.671701431274414
62700,,,,,,,,,,,,,,,,,,,,,,,,,,,,,,,0.49999943375587463,0.19752788543701172,0.0,0.0,29.841976165771484,0.0,0.0,0.0003000000142492354,9.999999747378752e-05,0.5,10.688748359680176
63000,0.44140625,3.1724119186401367,4.303717136383057,0.6193695068359375,0.20600326359272003,0.4076702296733856,0.5291366577148438,2.2778947353363037,3.5016167163848877,0.4734039306640625,0.36836856603622437,0.5695546269416809,0.5298919677734375,0.3171462416648865,0.5295974612236023,,,,,,,,,,,,,,,,0.499999076128006,0.2055152952671051,0.0,0.0,29.26532554626465,0.0,0.0,0.0003000000142492354,9.999999747378752e-05,0.5,10.698159217834473
63300,,,,,,,,,,,,,,,,,,,,,,,,,,,,,,,0.4999992251396179,0.26193687319755554,0.0,0.0,28.874900817871094,0.0,0.0,0.0003000000142492354,9.999999747378752e-05,0.5,10.708029747009277
63600,,,,,,,,,,,,,,,,,,,,,,,,,,,,,,,0.4999993145465851,0.19108575582504272,0.0,0.0,33.485923767089844,0.0,0.0,0.0003000000142492354,9.999999747378752e-05,0.5,10.717037200927734
63900,,,,,,,,,,,,,,,,,,,,,,,,,,,,,,,0.49999910593032837,0.23149147629737854,0.0,0.0,26.886066436767578,0.0,0.0,0.0003000000142492354,9.999999747378752e-05,0.5,10.730598449707031
64200,,,,,,,,,,,,,,,,,,,,,,,,,,,,,,,0.4999992251396179,0.2114163488149643,0.0,0.0,31.210464477539062,0.0,0.0,0.0003000000142492354,9.999999747378752e-05,0.5,10.742584228515625
64500,0.440185546875,3.1580183506011963,4.245028972625732,0.6162261962890625,0.20495916903018951,0.3983614444732666,0.520355224609375,2.368708610534668,3.5798397064208984,0.47650146484375,0.36547237634658813,0.5649887323379517,0.529327392578125,0.3163837194442749,0.5248368382453918,,,,,,,,,,,,,,,,0.4999995529651642,0.1722414195537567,0.0,0.0,29.201416015625,0.0,0.0,0.0003000000142492354,9.999999747378752e-05,0.5,10.756794929504395
64800,,,,,,,,,,,,,,,,,,,,,,,,,,,,,,,0.49999961256980896,0.21713779866695404,0.0,0.0,25.00347328186035,0.0,0.0,0.0003000000142492354,9.999999747378752e-05,0.5,10.767248153686523
65100,,,,,,,,,,,,,,,,,,,,,,,,,,,,,,,0.4999993145465851,0.27403539419174194,0.0,0.0,27.597463607788086,0.0,0.0,0.0003000000142492354,9.999999747378752e-05,0.5,10.778702735900879
65400,,,,,,,,,,,,,,,,,,,,,,,,,,,,,,,0.49999910593032837,0.21047568321228027,0.0,0.0,27.805171966552734,0.0,0.0,0.0003000000142492354,9.999999747378752e-05,0.5,10.78775691986084
65700,,,,,,,,,,,,,,,,,,,,,,,,,,,,,,,0.4999995231628418,0.21932920813560486,0.0,0.0,31.619171142578125,0.0,0.0,0.0003000000142492354,9.999999747378752e-05,0.5,10.801511764526367
66000,0.435791015625,3.1450538635253906,4.184581279754639,0.62139892578125,0.20502784848213196,0.40410059690475464,0.5205612182617188,2.336618185043335,3.5258970260620117,0.4765472412109375,0.3563454747200012,0.566294252872467,0.5338973999023438,0.31195738911628723,0.5276597738265991,,,,,,,,,,,,,,,,0.4999992251396179,0.1958032250404358,0.0,0.0,29.98268699645996,0.0,0.0,0.0003000000142492354,9.999999747378752e-05,0.5,10.815061569213867
66300,,,,,,,,,,,,,,,,,,,,,,,,,,,,,,,0.499999463558197,0.23309698700904846,0.0,0.0,31.39456558227539,0.0,0.0,0.0003000000142492354,9.999999747378752e-05,0.5,10.827285766601562
66600,,,,,,,,,,,,,,,,,,,,,,,,,,,,,,,0.4999992549419403,0.25394532084465027,0.0,0.0,27.3829345703125,0.0,0.0,0.0003000000142492354,9.999999747378752e-05,0.5,10.8375825881958
66900,,,,,,,,,,,,,,,,,,,,,,,,,,,,,,,0.4999992847442627,0.20686784386634827,0.0,0.0,28.12517738342285,0.0,0.0,0.0003000000142492354,9.999999747378752e-05,0.5,10.85031795501709
67200,,,,,,,,,,,,,,,,,,,,,,,,,,,,,,,0.49999919533729553,0.1804962158203125,0.0,0.0,30.485078811645508,0.0,0.0,0.0003000000142492354,9.999999747378752e-05,0.5,10.863120079040527
67500,0.421142578125,3.1009790897369385,4.154047966003418,0.6163330078125,0.1989370733499527,0.3899518847465515,0.5310897827148438,2.1123225688934326,3.302530527114868,0.4763641357421875,0.35975536704063416,0.5653167963027954,0.5293045043945312,0.3078484833240509,0.521904468536377,,,,,,,,,,,,,,,,0.49999916553497314,0.22207345068454742,0.0,0.0,33.063575744628906,0.0,0.0,0.0003000000142492354,9.999999747378752e-05,0.5,10.87352466583252
67800,,,,,,,,,,,,,,,,,,,,,,,,,,,,,,,0.49999940395355225,0.22588633000850677,0.0,0.0,29.075468063354492,0.0,0.0,0.0003000000142492354,9.999999747378752e-05,0.5,10.885251998901367
68100,,,,,,,,,,,,,,,,,,,,,,,,,,,,,,,0.4999992549419403,0.2215636521577835,0.0,0.0,28.790063858032227,0.0,0.0,0.0003000000142492354,9.999999747378752e-05,0.5,10.898724555969238
68400,,,,,,,,,,,,,,,,,,,,,,,,,,,,,,,0.4999993145465851,0.16157379746437073,0.0,0.0,30.564170837402344,0.0,0.0,0.0003000000142492354,9.999999747378752e-05,0.5,10.91024398803711
68700,,,,,,,,,,,,,,,,,,,,,,,,,,,,,,,0.499999463558197,0.22283931076526642,0.0,0.0,29.348651885986328,0.0,0.0,0.0003000000142492354,9.999999747378752e-05,0.5,10.927985191345215
69000,0.440185546875,3.0538954734802246,4.205164909362793,0.6234588623046875,0.20303700864315033,0.4026864469051361,0.5318756103515625,2.164294958114624,3.3453097343444824,0.4781951904296875,0.3502222001552582,0.5626769065856934,0.5395584106445312,0.30670738220214844,0.5283791422843933,,,,,,,,,,,,,,,,0.49999943375587463,0.1909889131784439,0.0,0.0,27.755268096923828,0.0,0.0,0.0003000000142492354,9.999999747378752e-05,0.5,10.936171531677246
69300,,,,,,,,,,,,,,,,,,,,,,,,,,,,,,,0.4999989867210388,0.23391227424144745,0.0,0.0,30.738862991333008,0.0,0.0,0.0003000000142492354,9.999999747378752e-05,0.5,10.947188377380371
69600,,,,,,,,,,,,,,,,,,,,,,,,,,,,,,,0.499999463558197,0.17747317254543304,0.0,0.0,34.69473648071289,0.0,0.0,0.0003000000142492354,9.999999747378752e-05,0.5,10.959662437438965
69900,,,,,,,,,,,,,,,,,,,,,,,,,,,,,,,0.49999913573265076,0.24339188635349274,0.0,0.0,31.94865608215332,0.0,0.0,0.0003000000142492354,9.999999747378752e-05,0.5,10.973287582397461
70200,,,,,,,,,,,,,,,,,,,,,,,,,,,,,,,0.49999940395355225,0.2462679147720337,0.0,0.0,27.945640563964844,0.0,0.0,0.0003000000142492354,9.999999747378752e-05,0.5,10.984365463256836
70500,0.4384765625,3.1728382110595703,4.176619529724121,0.6268463134765625,0.2036110758781433,0.40675339102745056,0.5449905395507812,2.1272575855255127,3.3376357555389404,0.484466552734375,0.36817216873168945,0.5616699457168579,0.5323333740234375,0.3124855160713196,0.5157073736190796,,,,,,,,,,,,,,,,0.4999992549419403,0.20317299664020538,0.0,0.0,32.47556686401367,0.0,0.0,0.0003000000142492354,9.999999747378752e-05,0.5,10.994552612304688
70800,,,,,,,,,,,,,,,,,,,,,,,,,,,,,,,0.499999463558197,0.29534271359443665,0.0,0.0,33.2381477355957,0.0,0.0,0.0003000000142492354,9.999999747378752e-05,0.5,11.006264686584473
71100,,,,,,,,,,,,,,,,,,,,,,,,,,,,,,,0.49999919533729553,0.22239336371421814,0.0,0.0,31.632986068725586,0.0,0.0,0.0003000000142492354,9.999999747378752e-05,0.5,11.016545295715332
71400,,,,,,,,,,,,,,,,,,,,,,,,,,,,,,,0.49999943375587463,0.23976241052150726,0.0,0.0,36.182762145996094,0.0,0.0,0.0003000000142492354,9.999999747378752e-05,0.5,11.027647018432617
71700,,,,,,,,,,,,,,,,,,,,,,,,,,,,,,,0.49999934434890747,0.17832742631435394,0.0,0.0,31.62428855895996,0.0,0.0,0.0003000000142492354,9.999999747378752e-05,0.5,11.038599014282227
72000,0.437744140625,3.0984292030334473,4.117493629455566,0.62811279296875,0.20281735062599182,0.4072370231151581,0.5343780517578125,2.1805200576782227,3.3369433879852295,0.477569580078125,0.3592790961265564,0.5653698444366455,0.5356216430664062,0.30590444803237915,0.5168517231941223,,,,,,,,,,,,,,,,0.49999910593032837,0.22351250052452087,0.0,0.0,34.415409088134766,0.0,0.0,0.0003000000142492354,9.999999747378752e-05,0.5,11.046738624572754
72300,,,,,,,,,,,,,,,,,,,,,,,,,,,,,,,0.4999992847442627,0.19397485256195068,0.0,0.0,31.426523208618164,0.0,0.0,0.0003000000142492354,9.999999747378752e-05,0.5,11.057135581970215
72600,,,,,,,,,,,,,,,,,,,,,,,,,,,,,,,0.49999940395355225,0.23638364672660828,0.0,0.0,32.49639129638672,0.0,0.0,0.0003000000142492354,9.999999747378752e-05,0.5,11.06546401977539
72900,,,,,,,,,,,,,,,,,,,,,,,,,,,,,,,0.4999992251396179,0.20062023401260376,0.0,0.0,32.15175247192383,0.0,0.0,0.0003000000142492354,9.999999747378752e-05,0.5,11.077831268310547
73200,,,,,,,,,,,,,,,,,,,,,,,,,,,,,,,0.49999943375587463,0.3009643852710724,0.0,0.0,33.34013748168945,0.0,0.0,0.0003000000142492354,9.999999747378752e-05,0.5,11.089316368103027
73500,0.4296875,3.240910053253174,4.411447525024414,0.615875244140625,0.19629345834255219,0.3759268820285797,0.5087509155273438,2.613182306289673,3.8967816829681396,0.48089599609375,0.3541422188282013,0.5608327388763428,0.5370712280273438,0.306122362613678,0.5183830857276917,,,,,,,,,,,,,,,,0.4999992847442627,0.19871343672275543,0.0,0.0,36.37571716308594,0.0,0.0,0.0003000000142492354,9.999999747378752e-05,0.5,11.101393699645996
73800,,,,,,,,,,,,,,,,,,,,,,,,,,,,,,,0.4999993145465851,0.22038251161575317,0.0,0.0,30.33448028564453,0.0,0.0,0.0003000000142492354,9.999999747378752e-05,0.5,11.109597206115723
74100,,,,,,,,,,,,,,,,,,,,,,,,,,,,,,,0.49999913573265076,0.2411658763885498,0.0,0.0,32.2314338684082,0.0,0.0,0.0003000000142492354,9.999999747378752e-05,0.5,11.121109962463379
74400,,,,,,,,,,,,,,,,,,,,,,,,,,,,,,,0.4999992549419403,0.20120355486869812,0.0,0.0,31.74920082092285,0.0,0.0,0.0003000000142492354,9.999999747378752e-05,0.5,11.132156372070312
74700,,,,,,,,,,,,,,,,,,,,,,,,,,,,,,,0.4999994933605194,0.2473505437374115,0.0,0.0,30.44481658935547,0.0,0.0,0.0003000000142492354,9.999999747378752e-05,0.5,11.141831398010254
75000,0.438232421875,3.1672005653381348,4.202123165130615,0.6231231689453125,0.20031793415546417,0.39197584986686707,0.5385513305664062,2.18778657913208,3.4317383766174316,0.4840240478515625,0.3623424768447876,0.5595048666000366,0.5393600463867188,0.3075137436389923,0.5167476534843445,,,,,,,,,,,,,,,,0.49999940395355225,0.2170408070087433,0.0,0.0,34.855140686035156,0.0,0.0,0.0003000000142492354,9.999999747378752e-05,0.5,11.153623580932617
75300,,,,,,,,,,,,,,,,,,,,,,,,,,,,,,,0.4999993145465851,0.2294159233570099,0.0,0.0,29.814937591552734,0.0,0.0,0.0003000000142492354,9.999999747378752e-05,0.5,11.165447235107422
75600,,,,,,,,,,,,,,,,,,,,,,,,,,,,,,,0.49999937415122986,0.24217957258224487,0.0,0.0,33.873592376708984,0.0,0.0,0.0003000000142492354,9.999999747378752e-05,0.5,11.179229736328125
75900,,,,,,,,,,,,,,,,,,,,,,,,,,,,,,,0.4999992847442627,0.1559569239616394,0.0,0.0,31.44344711303711,0.0,0.0,0.0003000000142492354,9.999999747378752e-05,0.5,11.188971519470215
76200,,,,,,,,,,,,,,,,,,,,,,,,,,,,,,,0.49999919533729553,0.22854718565940857,0.0,0.0,35.3600959777832,0.0,0.0,0.0003000000142492354,9.999999747378752e-05,0.5,11.201154708862305
76500,0.426513671875,3.228447914123535,4.283321857452393,0.6193084716796875,0.19893339276313782,0.38367924094200134,0.5368881225585938,2.1987338066101074,3.4253342151641846,0.485107421875,0.3575992286205292,0.5599121451377869,0.5356369018554688,0.30349263548851013,0.5099681615829468,,,,,,,,,,,,,,,,0.4999992847442627,0.2162688672542572,0.0,0.0,36.72531509399414,0.0,0.0,0.0003000000142492354,9.999999747378752e-05,0.5,11.21553897857666
76800,,,,,,,,,,,,,,,,,,,,,,,,,,,,,,,0.4999992549419403,0.24490471184253693,0.0,0.0,30.05575942993164,0.0,0.0,0.0003000000142492354,9.999999747378752e-05,0.5,11.225831985473633
77100,,,,,,,,,,,,,,,,,,,,,,,,,,,,,,,0.49999934434890747,0.28552231192588806,0.0,0.0,32.890235900878906,0.0,0.0,0.0003000000142492354,9.999999747378752e-05,0.5,11.236308097839355
77400,,,,,,,,,,,,,,,,,,,,,,,,,,,,,,,0.4999993145465851,0.21606332063674927,0.0,0.0,35.13042068481445,0.0,0.0,0.0003000000142492354,9.999999747378752e-05,0.5,11.249138832092285
77700,,,,,,,,,,,,,,,,,,,,,,,,,,,,,,,0.4999992847442627,0.19682812690734863,0.0,0.0,36.760223388671875,0.0,0.0,0.0003000000142492354,9.999999747378752e-05,0.5,11.260173797607422
78000,0.42724609375,3.1282927989959717,4.353105545043945,0.62261962890625,0.187997967004776,0.3714507818222046,0.5531158447265625,2.008516788482666,3.3112194538116455,0.4912567138671875,0.3550419509410858,0.5657266974449158,0.5404586791992188,0.29433631896972656,0.5214396119117737,,,,,,,,,,,,,,,,0.49999934434890747,0.15374989807605743,0.0,0.0,31.500661849975586,0.0,0.0,0.0003000000142492354,9.999999747378752e-05,0.5,11.269046783447266
78300,,,,,,,,,,,,,,,,,,,,,,,,,,,,,,,0.49999934434890747,0.22380571067333221,0.0,0.0,32.54457473754883,0.0,0.0,0.0003000000142492354,9.999999747378752e-05,0.5,11.279651641845703
78600,,,,,,,,,,,,,,,,,,,,,,,,,,,,,,,0.49999943375587463,0.2554260492324829,0.0,0.0,32.27699279785156,0.0,0.0,0.0003000000142492354,9.999999747378752e-05,0.5,11.28819465637207
78900,,,,,,,,,,,,,,,,,,,,,,,,,,,,,,,0.499999076128006,0.2786533236503601,0.0,0.0,32.82655715942383,0.0,0.0,0.0003000000142492354,9.999999747378752e-05,0.5,11.301082611083984
79200,,,,,,,,,,,,,,,,,,,,,,,,,,,,,,,0.4999995529651642,0.1582309603691101,0.0,0.0,28.6630859375,0.0,0.0,0.0003000000142492354,9.999999747378752e-05,0.5,11.312722206115723
79500,0.425537109375,3.271986722946167,4.352628707885742,0.62176513671875,0.20021852850914001,0.39102259278297424,0.5442962646484375,2.1968719959259033,3.483360528945923,0.4898223876953125,0.3551129698753357,0.5578275918960571,0.5435791015625,0.3011007010936737,0.5148747563362122,,,,,,,,,,,,,,,,0.49999943375587463,0.31428879499435425,0.0,0.0,31.610679626464844,0.0,0.0,0.0003000000142492354,9.999999747378752e-05,0.5,11.321657180786133
79800,,,,,,,,,,,,,,,,,,,,,,,,,,,,,,,0.49999934434890747,0.25690001249313354,0.0,0.0,38.77702713012695,0.0,0.0,0.0003000000142492354,9.999999747378752e-05,0.5,11.333076477050781
80100,,,,,,,,,,,,,,,,,,,,,,,,,,,,,,,0.49999943375587463,0.17831304669380188,0.0,0.0,34.70634841918945,0.0,0.0,0.0003000000142492354,9.999999747378752e-05,0.5,11.343134880065918
80400,,,,,,,,,,,,,,,,,,,,,,,,,,,,,,,0.49999916553497314,0.23700307309627533,0.0,0.0,36.93836975097656,0.0,0.0,0.0003000000142492354,9.999999747378752e-05,0.5,11.352594375610352
80700,,,,,,,,,,,,,,,,,,,,,,,,,,,,,,,0.49999937415122986,0.15417838096618652,0.0,0.0,37.754207611083984,0.0,0.0,0.0003000000142492354,9.999999747378752e-05,0.5,11.363524436950684
81000,0.428955078125,3.0369176864624023,4.220736503601074,0.617919921875,0.18870797753334045,0.367713063955307,0.5582275390625,1.9346168041229248,3.2190773487091064,0.49053955078125,0.34829625487327576,0.5643801689147949,0.5428619384765625,0.2878888249397278,0.5097787976264954,,,,,,,,,,,,,,,,0.4999993145465851,0.17446866631507874,0.0,0.0,37.734004974365234,0.0,0.0,0.0003000000142492354,9.999999747378752e-05,0.5,11.372149467468262
81300,,,,,,,,,,,,,,,,,,,,,,,,,,,,,,,0.49999916553497314,0.18022459745407104,0.0,0.0,35.437255859375,0.0,0.0,0.0003000000142492354,9.999999747378752e-05,0.5,11.381806373596191
81600,,,,,,,,,,,,,,,,,,,,,,,,,,,,,,,0.49999943375587463,0.2091747671365738,0.0,0.0,34.91708755493164,0.0,0.0,0.0003000000142492354,9.999999747378752e-05,0.5,11.392154693603516
81900,,,,,,,,,,,,,,,,,,,,,,,,,,,,,,,0.4999992847442627,0.20366321504116058,0.0,0.0,31.2718505859375,0.0,0.0,0.0003000000142492354,9.999999747378752e-05,0.5,11.40056324005127
82200,,,,,,,,,,,,,,,,,,,,,,,,,,,,,,,0.49999916553497314,0.1953890174627304,0.0,0.0,34.65713119506836,0.0,0.0,0.0003000000142492354,9.999999747378752e-05,0.5,11.41029167175293
82500,0.42822265625,3.1977169513702393,4.264833927154541,0.6212615966796875,0.19769492745399475,0.39403560757637024,0.5465011596679688,2.1394777297973633,3.398197889328003,0.491241455078125,0.3511756360530853,0.5569315552711487,0.5400161743164062,0.29589956998825073,0.5055772662162781,,,,,,,,,,,,,,,,0.49999919533729553,0.2309042364358902,0.0,0.0,34.32990646362305,0.0,0.0,0.0003000000142492354,9.999999747378752e-05,0.5,11.420154571533203
82800,,,,,,,,,,,,,,,,,,,,,,,,,,,,,,,0.49999940395355225,0.2215259075164795,0.0,0.0,32.91390609741211,0.0,0.0,0.0003000000142492354,9.999999747378752e-05,0.5,11.428571701049805
83100,,,,,,,,,,,,,,,,,,,,,,,,,,,,,,,0.499999463558197,0.20586958527565002,0.0,0.0,35.11943435668945,0.0,0.0,0.0003000000142492354,9.999999747378752e-05,0.5,11.435322761535645
83400,,,,,,,,,,,,,,,,,,,,,,,,,,,,,,,0.49999940395355225,0.2102612555027008,0.0,0.0,39.118350982666016,0.0,0.0,0.0003000000142492354,9.999999747378752e-05,0.5,11.446152687072754
83700,,,,,,,,,,,,,,,,,,,,,,,,,,,,,,,0.49999913573265076,0.22616636753082275,0.0,0.0,35.0314826965332,0.0,0.0,0.0003000000142492354,9.999999747378752e-05,0.5,11.456727027893066
84000,0.41943359375,3.069668769836426,4.2845916748046875,0.616485595703125,0.19265800714492798,0.36794498562812805,0.5391921997070312,2.1455438137054443,3.4350087642669678,0.4899139404296875,0.34812578558921814,0.5638713836669922,0.539306640625,0.28824812173843384,0.5024550557136536,,,,,,,,,,,,,,,,0.4999992251396179,0.24367064237594604,0.0,0.0,36.28398513793945,0.0,0.0,0.0003000000142492354,9.999999747378752e-05,0.5,11.467574119567871
84300,,,,,,,,,,,,,,,,,,,,,,,,,,,,,,,0.49999910593032837,0.26645001769065857,0.0,0.0,35.0546875,0.0,0.0,0.0003000000142492354,9.999999747378752e-05,0.5,11.478556632995605
84600,,,,,,,,,,,,,,,,,,,,,,,,,,,,,,,0.4999992251396179,0.18053258955478668,0.0,0.0,32.316001892089844,0.0,0.0,0.0003000000142492354,9.999999747378752e-05,0.5,11.488872528076172
84900,,,,,,,,,,,,,,,,,,,,,,,,,,,,,,,0.49999934434890747,0.21956881880760193,0.0,0.0,33.95438003540039,0.0,0.0,0.0003000000142492354,9.999999747378752e-05,0.5,11.50068473815918
85200,,,,,,,,,,,,,,,,,,,,,,,,,,,,,,,0.49999934434890747,0.244922935962677,0.0,0.0,37.1483154296875,0.0,0.0,0.0003000000142492354,9.999999747378752e-05,0.5,11.509031295776367
85500,0.424560546875,3.0539941787719727,4.205118179321289,0.618804931640625,0.19470584392547607,0.3760307729244232,0.5517654418945312,2.010180711746216,3.23568058013916,0.4934539794921875,0.35174933075904846,0.5585204362869263,0.5449295043945312,0.2874821722507477,0.5048394203186035,,,,,,,,,,,,,,,,0.49999943375587463,0.24430932104587555,0.0,0.0,39.5318603515625,0.0,0.0,0.0003000000142492354,9.999999747378752e-05,0.5,11.518800735473633
85800,,,,,,,,,,,,,,,,,,,,,,,,,,,,,,,0.49999943375587463,0.24970656633377075,0.0,0.0,31.552621841430664,0.0,0.0,0.0003000000142492354,9.999999747378752e-05,0.5,11.528482437133789
86100,,,,,,,,,,,,,,,,,,,,,,,,,,,,,,,0.4999992847442627,0.23824888467788696,0.0,0.0,37.240718841552734,0.0,0.0,0.0003000000142492354,9.999999747378752e-05,0.5,11.536981582641602
86400,,,,,,,,,,,,,,,,,,,,,,,,,,,,,,,0.49999940395355225,0.22108164429664612,0.0,0.0,37.85299301147461,0.0,0.0,0.0003000000142492354,9.999999747378752e-05,0.5,11.549273490905762
86700,,,,,,,,,,,,,,,,,,,,,,,,,,,,,,,0.4999993145465851,0.24652037024497986,0.0,0.0,37.92564010620117,0.0,0.0,0.0003000000142492354,9.999999747378752e-05,0.5,11.557897567749023
87000,0.418212890625,3.3313770294189453,4.28743314743042,0.6247406005859375,0.19759820401668549,0.3825736939907074,0.518157958984375,2.518770456314087,3.799065351486206,0.4945220947265625,0.34310847520828247,0.5400954484939575,0.5504837036132812,0.2950356900691986,0.509240984916687,,,,,,,,,,,,,,,,0.49999943375587463,0.17674005031585693,0.0,0.0,40.90372848510742,0.0,0.0,0.0003000000142492354,9.999999747378752e-05,0.5,11.568772315979004
87300,,,,,,,,,,,,,,,,,,,,,,,,,,,,,,,0.49999913573265076,0.23807090520858765,0.0,0.0,39.164005279541016,0.0,0.0,0.0003000000142492354,9.999999747378752e-05,0.5,11.575921058654785
87600,,,,,,,,,,,,,,,,,,,,,,,,,,,,,,,0.49999934434890747,0.20847970247268677,0.0,0.0,34.288299560546875,0.0,0.0,0.0003000000142492354,9.999999747378752e-05,0.5,11.585853576660156
87900,,,,,,,,,,,,,,,,,,,,,,,,,,,,,,,0.4999995231628418,0.23404216766357422,0.0,0.0,39.528892517089844,0.0,0.0,0.0003000000142492354,9.999999747378752e-05,0.5,11.595420837402344
88200,,,,,,,,,,,,,,,,,,,,,,,,,,,,,,,0.49999940395355225,0.2593293786048889,0.0,0.0,38.45023727416992,0.0,0.0,0.0003000000142492354,9.999999747378752e-05,0.5,11.60413646697998
88500,0.430419921875,3.1450700759887695,4.265921115875244,0.624298095703125,0.19381070137023926,0.3772343695163727,0.5457382202148438,2.146348237991333,3.434816837310791,0.4927520751953125,0.3510036766529083,0.5498910546302795,0.5463638305664062,0.2915017604827881,0.5010725259780884,,,,,,,,,,,,,,,,0.49999937415122986,0.19733138382434845,0.0,0.0,35.335243225097656,0.0,0.0,0.0003000000142492354,9.999999747378752e-05,0.5,11.614657402038574
88800,,,,,,,,,,,,,,,,,,,,,,,,,,,,,,,0.4999992847442627,0.207749605178833,0.0,0.0,31.688112258911133,0.0,0.0,0.0003000000142492354,9.999999747378752e-05,0.5,11.623478889465332
89100,,,,,,,,,,,,,,,,,,,,,,,,,,,,,,,0.49999961256980896,0.25910890102386475,0.0,0.0,32.973506927490234,0.0,0.0,0.0003000000142492354,9.999999747378752e-05,0.5,11.632652282714844
89400,,,,,,,,,,,,,,,,,,,,,,,,,,,,,,,0.4999992549419403,0.2411203384399414,0.0,0.0,33.77357864379883,0.0,0.0,0.0003000000142492354,9.999999747378752e-05,0.5,11.641590118408203
89700,,,,,,,,,,,,,,,,,,,,,,,,,,,,,,,0.49999919533729553,0.2306905835866928,0.0,0.0,35.05282211303711,0.0,0.0,0.0003000000142492354,9.999999747378752e-05,0.5,11.652426719665527
90000,0.42626953125,3.202045440673828,4.319638252258301,0.621612548828125,0.19011086225509644,0.3671192228794098,0.5489501953125,2.1177797317504883,3.4115548133850098,0.4910736083984375,0.3419714570045471,0.5456632971763611,0.5470123291015625,0.2843059301376343,0.4995734691619873,,,,,,,,,,,,,,,,0.49999940395355225,0.2713741660118103,0.0,0.0,34.70213317871094,0.0,0.0,0.0003000000142492354,9.999999747378752e-05,0.5,11.661396980285645
90300,,,,,,,,,,,,,,,,,,,,,,,,,,,,,,,0.4999995231628418,0.25308188796043396,0.0,0.0,34.09263229370117,0.0,0.0,0.0003000000142492354,9.999999747378752e-05,0.5,11.672528266906738
90600,,,,,,,,,,,,,,,,,,,,,,,,,,,,,,,0.49999934434890747,0.2047533541917801,0.0,0.0,39.12981033325195,0.0,0.0,0.0003000000142492354,9.999999747378752e-05,0.5,11.68056583404541
90900,,,,,,,,,,,,,,,,,,,,,,,,,,,,,,,0.4999994933605194,0.24850139021873474,0.0,0.0,37.47840881347656,0.0,0.0,0.0003000000142492354,9.999999747378752e-05,0.5,11.689497947692871
91200,,,,,,,,,,,,,,,,,,,,,,,,,,,,,,,0.49999937415122986,0.2725558578968048,0.0,0.0,35.917579650878906,0.0,0.0,0.0003000000142492354,9.999999747378752e-05,0.5,11.699620246887207
91500,0.4228515625,3.079972267150879,4.307512283325195,0.621246337890625,0.17551127076148987,0.3399348556995392,0.5549392700195312,1.9909485578536987,3.3852787017822266,0.4956207275390625,0.34029269218444824,0.5559261441230774,0.550384521484375,0.27599743008613586,0.505867600440979,,,,,,,,,,,,,,,,0.49999916553497314,0.25357645750045776,0.0,0.0,34.92028045654297,0.0,0.0,0.0003000000142492354,9.999999747378752e-05,0.5,11.707803726196289
91800,,,,,,,,,,,,,,,,,,,,,,,,,,,,,,,0.4999992549419403,0.2279021441936493,0.0,0.0,39.899131774902344,0.0,0.0,0.0003000000142492354,9.999999747378752e-05,0.5,11.716249465942383
92100,,,,,,,,,,,,,,,,,,,,,,,,,,,,,,,0.49999937415122986,0.2514618933200836,0.0,0.0,35.98317337036133,0.0,0.0,0.0003000000142492354,9.999999747378752e-05,0.5,11.723956108093262
92400,,,,,,,,,,,,,,,,,,,,,,,,,,,,,,,0.49999919533729553,0.2547321021556854,0.0,0.0,36.51594161987305,0.0,0.0,0.0003000000142492354,9.999999747378752e-05,0.5,11.733943939208984
92700,,,,,,,,,,,,,,,,,,,,,,,,,,,,,,,0.4999992847442627,0.23533347249031067,0.0,0.0,38.20039749145508,0.0,0.0,0.0003000000142492354,9.999999747378752e-05,0.5,11.74314022064209
93000,0.428955078125,3.236316680908203,4.221182823181152,0.62054443359375,0.19415514171123505,0.3676370084285736,0.548126220703125,2.148226022720337,3.426734209060669,0.489471435546875,0.3494418263435364,0.5433258414268494,0.5459671020507812,0.2914857268333435,0.4947967827320099,,,,,,,,,,,,,,,,0.4999992251396179,0.25392094254493713,0.0,0.0,32.45771408081055,0.0,0.0,0.0003000000142492354,9.999999747378752e-05,0.5,11.752421379089355
93300,,,,,,,,,,,,,,,,,,,,,,,,,,,,,,,0.49999937415122986,0.2203279435634613,0.0,0.0,37.14495086669922,0.0,0.0,0.0003000000142492354,9.999999747378752e-05,0.5,11.758328437805176
93600,,,,,,,,,,,,,,,,,,,,,,,,,,,,,,,0.4999997317790985,0.2082640379667282,0.0,0.0,45.29290771484375,0.0,0.0,0.0003000000142492354,9.999999747378752e-05,0.5,11.768854141235352
93900,,,,,,,,,,,,,,,,,,,,,,,,,,,,,,,0.4999993145465851,0.24085700511932373,0.0,0.0,37.55207061767578,0.0,0.0,0.0003000000142492354,9.999999747378752e-05,0.5,11.775843620300293
94200,,,,,,,,,,,,,,,,,,,,,,,,,,,,,,,0.49999937415122986,0.2836177945137024,0.0,0.0,40.675048828125,0.0,0.0,0.0003000000142492354,9.999999747378752e-05,0.5,11.783913612365723
94500,0.41552734375,3.1808595657348633,4.326853275299072,0.6270599365234375,0.1920900046825409,0.3721010982990265,0.5267715454101562,2.332286834716797,3.591304302215576,0.4941558837890625,0.3267455995082855,0.5371397733688354,0.5509796142578125,0.2782544493675232,0.4995196461677551,,,,,,,,,,,,,,,,0.49999919533729553,0.27746573090553284,0.0,0.0,36.538429260253906,0.0,0.0,0.0003000000142492354,9.999999747378752e-05,0.5,11.79262924194336
94800,,,,,,,,,,,,,,,,,,,,,,,,,,,,,,,0.4999992251396179,0.27456510066986084,0.0,0.0,40.054203033447266,0.0,0.0,0.0003000000142492354,9.999999747378752e-05,0.5,11.80434513092041
95100,,,,,,,,,,,,,,,,,,,,,,,,,,,,,,,0.49999919533729553,0.2918025255203247,0.0,0.0,40.162879943847656,0.0,0.0,0.0003000000142492354,9.999999747378752e-05,0.5,11.812630653381348
95400,,,,,,,,,,,,,,,,,,,,,,,,,,,,,,,0.4999993145465851,0.27211570739746094,0.0,0.0,32.4002571105957,0.0,0.0,0.0003000000142492354,9.999999747378752e-05,0.5,11.825091361999512
95700,,,,,,,,,,,,,,,,,,,,,,,,,,,,,,,0.49999934434890747,0.17728541791439056,0.0,0.0,36.15501022338867,0.0,0.0,0.0003000000142492354,9.999999747378752e-05,0.5,11.834673881530762
96000,0.42333984375,3.1221096515655518,4.35814905166626,0.621917724609375,0.18251439929008484,0.35517558455467224,0.5443267822265625,2.0815963745117188,3.375502347946167,0.491424560546875,0.3372337520122528,0.5511120557785034,0.5529632568359375,0.27007225155830383,0.5015450119972229,,,,,,,,,,,,,,,,0.49999916553497314,0.22515536844730377,0.0,0.0,34.028812408447266,0.0,0.0,0.0003000000142492354,9.999999747378752e-05,0.5,11.84418773651123
96300,,,,,,,,,,,,,,,,,,,,,,,,,,,,,,,0.4999993145465851,0.2575875222682953,0.0,0.0,35.339599609375,0.0,0.0,0.0003000000142492354,9.999999747378752e-05,0.5,11.85352897644043
96600,,,,,,,,,,,,,,,,,,,,,,,,,,,,,,,0.49999916553497314,0.2693917155265808,0.0,0.0,36.841373443603516,0.0,0.0,0.0003000000142492354,9.999999747378752e-05,0.5,11.863578796386719
96900,,,,,,,,,,,,,,,,,,,,,,,,,,,,,,,0.4999992549419403,0.24493159353733063,0.0,0.0,38.368595123291016,0.0,0.0,0.0003000000142492354,9.999999747378752e-05,0.5,11.871471405029297
97200,,,,,,,,,,,,,,,,,,,,,,,,,,,,,,,0.499999076128006,0.2079903930425644,0.0,0.0,36.38035583496094,0.0,0.0,0.0003000000142492354,9.999999747378752e-05,0.5,11.881802558898926
97500,0.416015625,3.2591865062713623,4.330438137054443,0.6241607666015625,0.19111622869968414,0.36942723393440247,0.5378875732421875,2.2626266479492188,3.5588464736938477,0.4914703369140625,0.3408212661743164,0.5376153588294983,0.5503692626953125,0.2844146490097046,0.49437201023101807,,,,,,,,,,,,,,,,0.4999992251396179,0.23777976632118225,0.0,0.0,39.411746978759766,0.0,0.0,0.0003000000142492354,9.999999747378752e-05,0.5,11.892213821411133
97800,,,,,,,,,,,,,,,,,,,,,,,,,,,,,,,0.4999995827674866,0.271482914686203,0.0,0.0,32.19294357299805,0.0,0.0,0.0003000000142492354,9.999999747378752e-05,0.5,11.900341987609863
98100,,,,,,,,,,,,,,,,,,,,,,,,,,,,,,,0.49999937415122986,0.2483384609222412,0.0,0.0,36.52888870239258,0.0,0.0,0.0003000000142492354,9.999999747378752e-05,0.5,11.909774780273438
98400,,,,,,,,,,,,,,,,,,,,,,,,,,,,,,,0.4999994933605194,0.19135019183158875,0.0,0.0,34.255516052246094,0.0,0.0,0.0003000000142492354,9.999999747378752e-05,0.5,11.920769691467285
98700,,,,,,,,,,,,,,,,,,,,,,,,,,,,,,,0.49999943375587463,0.24468648433685303,0.0,0.0,32.1207275390625,0.0,0.0,0.0003000000142492354,9.999999747378752e-05,0.5,11.928936958312988
99000,0.4150390625,3.0981531143188477,4.249677658081055,0.6205596923828125,0.1884051263332367,0.35975411534309387,0.5493850708007812,2.0604395866394043,3.3438751697540283,0.5023345947265625,0.3361195921897888,0.5502037405967712,0.5518417358398438,0.27331793308258057,0.49767184257507324,,,,,,,,,,,,,,,,0.49999919533729553,0.2901342511177063,0.0,0.0,39.555118560791016,0.0,0.0,0.0003000000142492354,9.999999747378752e-05,0.5,11.937514305114746
99300,,,,,,,,,,,,,,,,,,,,,,,,,,,,,,,0.4999990165233612,0.23859459161758423,0.0,0.0,34.19253921508789,0.0,0.0,0.0003000000142492354,9.999999747378752e-05,0.5,11.948373794555664
99600,,,,,,,,,,,,,,,,,,,,,,,,,,,,,,,0.49999913573265076,0.2158103883266449,0.0,0.0,36.27143478393555,0.0,0.0,0.0003000000142492354,9.999999747378752e-05,0.5,11.958555221557617
99900,,,,,,,,,,,,,,,,,,,,,,,,,,,,,,,0.49999937415122986,0.2058105766773224,0.0,0.0,39.59992599487305,0.0,0.0,0.0003000000142492354,9.999999747378752e-05,0.5,11.96876049041748
100200,,,,,,,,,,,,,,,,,,,,,,,,,,,,,,,0.49999937415122986,0.3024212419986725,0.0,0.0,40.76490783691406,0.0,0.0,0.0003000000142492354,9.999999747378752e-05,0.5,11.979423522949219
100500,0.419921875,3.276817560195923,4.370734691619873,0.6252593994140625,0.1889278143644333,0.36929595470428467,0.5517654418945312,2.1695032119750977,3.5191802978515625,0.493194580078125,0.3389560878276825,0.5407376289367676,0.55322265625,0.27695077657699585,0.4910556375980377,,,,,,,,,,,,,,,,0.49999934434890747,0.2880651652812958,0.0,0.0,38.010459899902344,0.0,0.0,0.0003000000142492354,9.999999747378752e-05,0.5,11.989358901977539
100800,,,,,,,,,,,,,,,,,,,,,,,,,,,,,,,0.49999916553497314,0.263386994600296,0.0,0.0,36.72505187988281,0.0,0.0,0.0003000000142492354,9.999999747378752e-05,0.5,11.998948097229004
101100,,,,,,,,,,,,,,,,,,,,,,,,,,,,,,,0.49999937415122986,0.21538516879081726,0.0,0.0,31.907695770263672,0.0,0.0,0.0003000000142492354,9.999999747378752e-05,0.5,12.009031295776367
101400,,,,,,,,,,,,,,,,,,,,,,,,,,,,,,,0.4999992251396179,0.2398950606584549,0.0,0.0,36.068565368652344,0.0,0.0,0.0003000000142492354,9.999999747378752e-05,0.5,12.018975257873535
101700,,,,,,,,,,,,,,,,,,,,,,,,,,,,,,,0.49999916553497314,0.23919522762298584,0.0,0.0,46.0709228515625,0.0,0.0,0.0003000000142492354,9.999999747378752e-05,0.5,12.029383659362793
102000,0.411865234375,3.2353060245513916,4.355461120605469,0.62548828125,0.18542714416980743,0.3634219467639923,0.5397720336914062,2.2731637954711914,3.6343159675598145,0.496429443359375,0.3342963755130768,0.5358027815818787,0.5559463500976562,0.2696891129016876,0.4972395598888397,,,,,,,,,,,,,,,,0.4999992549419403,0.2271161675453186,0.0,0.0,36.11332321166992,0.0,0.0,0.0003000000142492354,9.999999747378752e-05,0.5,12.038350105285645
102300,,,,,,,,,,,,,,,,,,,,,,,,,,,,,,,0.4999993145465851,0.2423655092716217,0.0,0.0,36.44122314453125,0.0,0.0,0.0003000000142492354,9.999999747378752e-05,0.5,12.047603607177734
102600,,,,,,,,,,,,,,,,,,,,,,,,,,,,,,,0.4999994933605194,0.16056674718856812,0.0,0.0,35.498619079589844,0.0,0.0,0.0003000000142492354,9.999999747378752e-05,0.5,12.056459426879883
102900,,,,,,,,,,,,,,,,,,,,,,,,,,,,,,,0.49999919533729553,0.21096980571746826,0.0,0.0,40.02568817138672,0.0,0.0,0.0003000000142492354,9.999999747378752e-05,0.5,12.068021774291992
103200,,,,,,,,,,,,,,,,,,,,,,,,,,,,,,,0.4999995827674866,0.24617250263690948,0.0,0.0,35.712982177734375,0.0,0.0,0.0003000000142492354,9.999999747378752e-05,0.5,12.077239036560059
103500,0.403564453125,3.3513519763946533,4.294065952301025,0.621337890625,0.19052429497241974,0.36741942167282104,0.5415878295898438,2.3198065757751465,3.665095806121826,0.497802734375,0.3384472131729126,0.5328425765037537,0.5520782470703125,0.27858269214630127,0.4843624532222748,,,,,,,,,,,,,,,,0.499999463558197,0.2608938217163086,0.0,0.0,38.98407745361328,0.0,0.0,0.0003000000142492354,9.999999747378752e-05,0.5,12.085471153259277
103800,,,,,,,,,,,,,,,,,,,,,,,,,,,,,,,0.49999913573265076,0.24329271912574768,0.0,0.0,40.43001937866211,0.0,0.0,0.0003000000142492354,9.999999747378752e-05,0.5,12.094598770141602
104100,,,,,,,,,,,,,,,,,,,,,,,,,,,,,,,0.4999992549419403,0.25439682602882385,0.0,0.0,41.20705032348633,0.0,0.0,0.0003000000142492354,9.999999747378752e-05,0.5,12.106168746948242
104400,,,,,,,,,,,,,,,,,,,,,,,,,,,,,,,0.4999995529651642,0.24448290467262268,0.0,0.0,44.98053741455078,0.0,0.0,0.0003000000142492354,9.999999747378752e-05,0.5,12.115723609924316
104700,,,,,,,,,,,,,,,,,,,,,,,,,,,,,,,0.49999961256980896,0.24301086366176605,0.0,0.0,42.960636138916016,0.0,0.0,0.0003000000142492354,9.999999747378752e-05,0.5,12.125603675842285
105000,0.415283203125,3.2592108249664307,4.426390647888184,0.6265869140625,0.1862887591123581,0.3691382110118866,0.5469970703125,2.274310827255249,3.6560628414154053,0.4904022216796875,0.3280303478240967,0.532081663608551,0.5551376342773438,0.2682497501373291,0.4896170198917389,,,,,,,,,,,,,,,,0.4999995231628418,0.21570055186748505,0.0,0.0,36.928871154785156,0.0,0.0,0.0003000000142492354,9.999999747378752e-05,0.5,12.134875297546387
105300,,,,,,,,,,,,,,,,,,,,,,,,,,,,,,,0.499999463558197,0.25849640369415283,0.0,0.0,40.07365036010742,0.0,0.0,0.0003000000142492354,9.999999747378752e-05,0.5,12.143701553344727
105600,,,,,,,,,,,,,,,,,,,,,,,,,,,,,,,0.49999934434890747,0.2364284247159958,0.0,0.0,37.656005859375,0.0,0.0,0.0003000000142492354,9.999999747378752e-05,0.5,12.15320110321045
105900,,,,,,,,,,,,,,,,,,,,,,,,,,,,,,,0.49999916553497314,0.18595749139785767,0.0,0.0,38.233726501464844,0.0,0.0,0.0003000000142492354,9.999999747378752e-05,0.5,12.162247657775879
106200,,,,,,,,,,,,,,,,,,,,,,,,,,,,,,,0.4999993145465851,0.19699518382549286,0.0,0.0,44.22795486450195,0.0,0.0,0.0003000000142492354,9.999999747378752e-05,0.5,12.17176342010498
106500,0.41748046875,3.0923960208892822,4.264299392700195,0.62286376953125,0.18621088564395905,0.356581449508667,0.5413742065429688,2.1484405994415283,3.436039686203003,0.4999237060546875,0.32034650444984436,0.5378750562667847,0.5560150146484375,0.2609016001224518,0.49189403653144836,,,,,,,,,,,,,,,,0.49999895691871643,0.27709534764289856,0.0,0.0,39.29320526123047,0.0,0.0,0.0003000000142492354,9.999999747378752e-05,0.5,12.180318832397461
106800,,,,,,,,,,,,,,,,,,,,,,,,,,,,,,,0.49999919533729553,0.22539272904396057,0.0,0.0,41.95519256591797,0.0,0.0,0.0003000000142492354,9.999999747378752e-05,0.5,12.189237594604492
107100,,,,,,,,,,,,,,,,,,,,,,,,,,,,,,,0.49999910593032837,0.2603495419025421,0.0,0.0,36.9961051940918,0.0,0.0,0.0003000000142492354,9.999999747378752e-05,0.5,12.198433876037598
107400,,,,,,,,,,,,,,,,,,,,,,,,,,,,,,,0.4999994933605194,0.24485540390014648,0.0,0.0,42.24817657470703,0.0,0.0,0.0003000000142492354,9.999999747378752e-05,0.5,12.208645820617676
107700,,,,,,,,,,,,,,,,,,,,,,,,,,,,,,,0.49999934434890747,0.20660163462162018,0.0,0.0,44.04097366333008,0.0,0.0,0.0003000000142492354,9.999999747378752e-05,0.5,12.218219757080078
108000,0.420166015625,3.06121563911438,4.323362827301025,0.6190185546875,0.18444080650806427,0.35445669293403625,0.5588760375976562,1.9952807426452637,3.3227484226226807,0.5030670166015625,0.32644301652908325,0.5399428009986877,0.5532989501953125,0.26396089792251587,0.4857213795185089,,,,,,,,,,,,,,,,0.49999919533729553,0.2115902155637741,0.0,0.0,42.35218048095703,0.0,0.0,0.0003000000142492354,9.999999747378752e-05,0.5,12.226787567138672
108300,,,,,,,,,,,,,,,,,,,,,,,,,,,,,,,0.49999937415122986,0.19774501025676727,0.0,0.0,35.437347412109375,0.0,0.0,0.0003000000142492354,9.999999747378752e-05,0.5,12.235025405883789
108600,,,,,,,,,,,,,,,,,,,,,,,,,,,,,,,0.49999934434890747,0.24942563474178314,0.0,0.0,41.864288330078125,0.0,0.0,0.0003000000142492354,9.999999747378752e-05,0.5,12.246721267700195
108900,,,,,,,,,,,,,,,,,,,,,,,,,,,,,,,0.49999934434890747,0.2887462377548218,0.0,0.0,41.33141326904297,0.0,0.0,0.0003000000142492354,9.999999747378752e-05,0.5,12.2556791305542
109200,,,,,,,,,,,,,,,,,,,,,,,,,,,,,,,0.49999913573265076,0.25868621468544006,0.0,0.0,37.38697052001953,0.0,0.0,0.0003000000142492354,9.999999747378752e-05,0.5,12.264267921447754
109500,0.428955078125,3.0485446453094482,4.2069573402404785,0.622314453125,0.1832846999168396,0.35954129695892334,0.5682144165039062,1.8890509605407715,3.2236456871032715,0.501678466796875,0.33102530241012573,0.5374173521995544,0.5541534423828125,0.2636308968067169,0.4827670753002167,,,,,,,,,,,,,,,,0.49999934434890747,0.21457539498806,0.0,0.0,39.115074157714844,0.0,0.0,0.0003000000142492354,9.999999747378752e-05,0.5,12.272136688232422
109800,,,,,,,,,,,,,,,,,,,,,,,,,,,,,,,0.4999993145465851,0.2544119656085968,0.0,0.0,39.252376556396484,0.0,0.0,0.0003000000142492354,9.999999747378752e-05,0.5,12.28200912475586
110100,,,,,,,,,,,,,,,,,,,,,,,,,,,,,,,0.4999993145465851,0.23477570712566376,0.0,0.0,38.042388916015625,0.0,0.0,0.0003000000142492354,9.999999747378752e-05,0.5,12.290166854858398
110400,,,,,,,,,,,,,,,,,,,,,,,,,,,,,,,0.49999916553497314,0.2382013350725174,0.0,0.0,35.657840728759766,0.0,0.0,0.0003000000142492354,9.999999747378752e-05,0.5,12.300605773925781
110700,,,,,,,,,,,,,,,,,,,,,,,,,,,,,,,0.499999076128006,0.22193044424057007,0.0,0.0,41.775028228759766,0.0,0.0,0.0003000000142492354,9.999999747378752e-05,0.5,12.307782173156738
111000,0.41796875,3.3503875732421875,4.351001262664795,0.6215057373046875,0.19381025433540344,0.3705601096153259,0.5375595092773438,2.4420018196105957,3.7887556552886963,0.5001373291015625,0.3275092542171478,0.5230908989906311,0.5554733276367188,0.2741626501083374,0.4798709750175476,,,,,,,,,,,,,,,,0.49999919533729553,0.21318870782852173,0.0,0.0,40.55128479003906,0.0,0.0,0.0003000000142492354,9.999999747378752e-05,0.5,12.31441879272461
111300,,,,,,,,,,,,,,,,,,,,,,,,,,,,,,,0.4999994933605194,0.24406084418296814,0.0,0.0,41.11332321166992,0.0,0.0,0.0003000000142492354,9.999999747378752e-05,0.5,12.32261848449707
111600,,,,,,,,,,,,,,,,,,,,,,,,,,,,,,,0.4999992847442627,0.2523787319660187,0.0,0.0,39.033939361572266,0.0,0.0,0.0003000000142492354,9.999999747378752e-05,0.5,12.33106803894043
111900,,,,,,,,,,,,,,,,,,,,,,,,,,,,,,,0.4999995827674866,0.12708522379398346,0.0,0.0,46.42603302001953,0.0,0.0,0.0003000000142492354,9.999999747378752e-05,0.5,12.343035697937012
112200,,,,,,,,,,,,,,,,,,,,,,,,,,,,,,,0.49999934434890747,0.22411587834358215,0.0,0.0,40.748130798339844,0.0,0.0,0.0003000000142492354,9.999999747378752e-05,0.5,12.34847354888916
112500,0.41943359375,3.0814685821533203,4.2637038230896,0.6211700439453125,0.18597130477428436,0.3603461682796478,0.5577850341796875,2.0316433906555176,3.356658458709717,0.506072998046875,0.3292481601238251,0.535888135433197,0.5536880493164062,0.2612716853618622,0.47690820693969727,,,,,,,,,,,,,,,,0.499999076128006,0.22594135999679565,0.0,0.0,39.797584533691406,0.0,0.0,0.0003000000142492354,9.999999747378752e-05,0.5,12.357294082641602
112800,,,,,,,,,,,,,,,,,,,,,,,,,,,,,,,0.4999995827674866,0.1873694509267807,0.0,0.0,38.66883850097656,0.0,0.0,0.0003000000142492354,9.999999747378752e-05,0.5,12.368117332458496
113100,,,,,,,,,,,,,,,,,,,,,,,,,,,,,,,0.49999943375587463,0.21300755441188812,0.0,0.0,38.161922454833984,0.0,0.0,0.0003000000142492354,9.999999747378752e-05,0.5,12.375951766967773
113400,,,,,,,,,,,,,,,,,,,,,,,,,,,,,,,0.4999992847442627,0.26683032512664795,0.0,0.0,38.35603713989258,0.0,0.0,0.0003000000142492354,9.999999747378752e-05,0.5,12.383296966552734
113700,,,,,,,,,,,,,,,,,,,,,,,,,,,,,,,0.49999961256980896,0.17760200798511505,0.0,0.0,36.92997360229492,0.0,0.0,0.0003000000142492354,9.999999747378752e-05,0.5,12.39420223236084
114000,0.418212890625,3.3095831871032715,4.354778289794922,0.615936279296875,0.19269900023937225,0.36019110679626465,0.5471038818359375,2.337134838104248,3.720989465713501,0.4957733154296875,0.3299521207809448,0.5256852507591248,0.5507431030273438,0.26917266845703125,0.4703523814678192,,,,,,,,,,,,,,,,0.4999992549419403,0.25416865944862366,0.0,0.0,37.01072692871094,0.0,0.0,0.0003000000142492354,9.999999747378752e-05,0.5,12.401772499084473
114300,,,,,,,,,,,,,,,,,,,,,,,,,,,,,,,0.49999943375587463,0.261601060628891,0.0,0.0,43.145233154296875,0.0,0.0,0.0003000000142492354,9.999999747378752e-05,0.5,12.409555435180664
114600,,,,,,,,,,,,,,,,,,,,,,,,,,,,,,,0.4999995529651642,0.235104501247406,0.0,0.0,45.69597244262695,0.0,0.0,0.0003000000142492354,9.999999747378752e-05,0.5,12.418323516845703
114900,,,,,,,,,,,,,,,,,,,,,,,,,,,,,,,0.49999934434890747,0.2230251431465149,0.0,0.0,44.75489044189453,0.0,0.0,0.0003000000142492354,9.999999747378752e-05,0.5,12.426950454711914
115200,,,,,,,,,,,,,,,,,,,,,,,,,,,,,,,0.4999992847442627,0.2514719069004059,0.0,0.0,38.35840606689453,0.0,0.0,0.0003000000142492354,9.999999747378752e-05,0.5,12.437006950378418
115500,0.413330078125,3.0852761268615723,4.212612152099609,0.6155548095703125,0.18405573070049286,0.3516395092010498,0.5542449951171875,2.036062002182007,3.3581652641296387,0.506072998046875,0.32122617959976196,0.5360203385353088,0.5525588989257812,0.25916963815689087,0.4745698571205139,,,,,,,,,,,,,,,,0.4999992251396179,0.2508411705493927,0.0,0.0,45.06802749633789,0.0,0.0,0.0003000000142492354,9.999999747378752e-05,0.5,12.445945739746094
115800,,,,,,,,,,,,,,,,,,,,,,,,,,,,,,,0.49999961256980896,0.21308693289756775,0.0,0.0,50.61676788330078,1.0,0.0,0.0003000000142492354,9.500000305706635e-05,0.5,12.454526901245117
116100,,,,,,,,,,,,,,,,,,,,,,,,,,,,,,,0.4999992549419403,0.23850922286510468,0.0,0.0,44.41477584838867,0.0,0.0,0.0003000000142492354,9.500000305706635e-05,0.5,12.464791297912598
116400,,,,,,,,,,,,,,,,,,,,,,,,,,,,,,,0.4999992847442627,0.2994228005409241,0.0,0.0,41.42053985595703,0.0,0.0,0.0003000000142492354,9.500000305706635e-05,0.5,12.472495079040527
116700,,,,,,,,,,,,,,,,,,,,,,,,,,,,,,,0.49999961256980896,0.23402714729309082,0.0,0.0,46.43194580078125,0.0,0.0,0.0003000000142492354,9.500000305706635e-05,0.5,12.48073673248291
117000,0.41455078125,3.036616563796997,4.297791481018066,0.6176605224609375,0.18281294405460358,0.3455558717250824,0.538177490234375,2.1625492572784424,3.4615581035614014,0.49859619140625,0.3171705901622772,0.5335162281990051,0.5662460327148438,0.2500247359275818,0.4818797707557678,,,,,,,,,,,,,,,,0.499999463558197,0.19776469469070435,0.0,0.0,47.60143280029297,0.0,0.0,0.0003000000142492354,9.500000305706635e-05,0.5,12.486685752868652
117300,,,,,,,,,,,,,,,,,,,,,,,,,,,,,,,0.4999992549419403,0.22384890913963318,0.0,0.0,40.56454849243164,0.0,0.0,0.0003000000142492354,9.500000305706635e-05,0.5,12.496881484985352
117600,,,,,,,,,,,,,,,,,,,,,,,,,,,,,,,0.49999937415122986,0.26770973205566406,0.0,0.0,44.50037384033203,0.0,0.0,0.0003000000142492354,9.500000305706635e-05,0.5,12.503671646118164
117900,,,,,,,,,,,,,,,,,,,,,,,,,,,,,,,0.4999992549419403,0.2276194989681244,0.0,0.0,37.68486022949219,0.0,0.0,0.0003000000142492354,9.500000305706635e-05,0.5,12.513033866882324
118200,,,,,,,,,,,,,,,,,,,,,,,,,,,,,,,0.4999992847442627,0.25476402044296265,0.0,0.0,45.05433654785156,0.0,0.0,0.0003000000142492354,9.500000305706635e-05,0.5,12.523028373718262
118500,0.409912109375,3.3101186752319336,4.325807094573975,0.61737060546875,0.19349348545074463,0.3670333921909332,0.5312347412109375,2.5274884700775146,3.8780517578125,0.4990692138671875,0.3210512399673462,0.5211154222488403,0.5599517822265625,0.2605232000350952,0.47528302669525146,,,,,,,,,,,,,,,,0.49999943375587463,0.23431390523910522,0.0,0.0,35.64612579345703,0.0,0.0,0.0003000000142492354,9.500000305706635e-05,0.5,12.535175323486328
118800,,,,,,,,,,,,,,,,,,,,,,,,,,,,,,,0.4999992251396179,0.20939508080482483,0.0,0.0,39.79597854614258,0.0,0.0,0.0003000000142492354,9.500000305706635e-05,0.5,12.544928550720215
119100,,,,,,,,,,,,,,,,,,,,,,,,,,,,,,,0.4999993145465851,0.27641022205352783,0.0,0.0,42.32057189941406,0.0,0.0,0.0003000000142492354,9.500000305706635e-05,0.5,12.552948951721191
119400,,,,,,,,,,,,,,,,,,,,,,,,,,,,,,,0.49999943375587463,0.25306424498558044,0.0,0.0,37.44938659667969,0.0,0.0,0.0003000000142492354,9.500000305706635e-05,0.5,12.562565803527832
119700,,,,,,,,,,,,,,,,,,,,,,,,,,,,,,,0.4999993145465851,0.2769581377506256,0.0,0.0,41.42323684692383,0.0,0.0,0.0003000000142492354,9.500000305706635e-05,0.5,12.570125579833984
120000,0.417236328125,3.0906190872192383,4.214550495147705,0.6121063232421875,0.18226055800914764,0.34079182147979736,0.5691909790039062,1.92875075340271,3.3053998947143555,0.5132293701171875,0.32579267024993896,0.5296165347099304,0.5511093139648438,0.2618516683578491,0.4664943814277649,,,,,,,,,,,,,,,,0.4999992549419403,0.2262917011976242,0.0,0.0,38.54402160644531,0.0,0.0,0.0003000000142492354,9.500000305706635e-05,0.5,12.57805061340332
120300,,,,,,,,,,,,,,,,,,,,,,,,,,,,,,,0.49999943375587463,0.2609609365463257,0.0,0.0,42.058658599853516,0.0,0.0,0.0003000000142492354,9.500000305706635e-05,0.5,12.586325645446777
120600,,,,,,,,,,,,,,,,,,,,,,,,,,,,,,,0.4999993145465851,0.22138068079948425,0.0,0.0,49.53432846069336,0.0,0.0,0.0003000000142492354,9.500000305706635e-05,0.5,12.59217643737793
120900,,,,,,,,,,,,,,,,,,,,,,,,,,,,,,,0.49999934434890747,0.20869675278663635,0.0,0.0,39.603580474853516,0.0,0.0,0.0003000000142492354,9.500000305706635e-05,0.5,12.602463722229004
121200,,,,,,,,,,,,,,,,,,,,,,,,,,,,,,,0.4999992549419403,0.23836468160152435,0.0,0.0,43.67186737060547,0.0,0.0,0.0003000000142492354,9.500000305706635e-05,0.5,12.611342430114746
121500,0.4189453125,3.2396163940429688,4.146915912628174,0.6201629638671875,0.19553303718566895,0.37392985820770264,0.55230712890625,2.194941520690918,3.51265549659729,0.5051727294921875,0.32214874029159546,0.5192152261734009,0.5580673217773438,0.26730310916900635,0.4652857482433319,,,,,,,,,,,,,,,,0.49999937415122986,0.2148597091436386,0.0,0.0,39.56705856323242,0.0,0.0,0.0003000000142492354,9.500000305706635e-05,0.5,12.620757102966309
121800,,,,,,,,,,,,,,,,,,,,,,,,,,,,,,,0.4999992549419403,0.21785689890384674,0.0,0.0,43.569862365722656,0.0,0.0,0.0003000000142492354,9.500000305706635e-05,0.5,12.631216049194336
122100,,,,,,,,,,,,,,,,,,,,,,,,,,,,,,,0.49999937415122986,0.2365340292453766,0.0,0.0,46.93544006347656,0.0,0.0,0.0003000000142492354,9.500000305706635e-05,0.5,12.643050193786621
122400,,,,,,,,,,,,,,,,,,,,,,,,,,,,,,,0.49999943375587463,0.23598183691501617,0.0,0.0,47.12181854248047,0.0,0.0,0.0003000000142492354,9.500000305706635e-05,0.5,12.650016784667969
122700,,,,,,,,,,,,,,,,,,,,,,,,,,,,,,,0.4999995529651642,0.265412300825119,0.0,0.0,41.85154724121094,0.0,0.0,0.0003000000142492354,9.500000305706635e-05,0.5,12.657271385192871
123000,0.41748046875,3.1467957496643066,4.304182529449463,0.6146240234375,0.18623024225234985,0.35607725381851196,0.5662612915039062,2.0603973865509033,3.4677767753601074,0.501861572265625,0.3225145936012268,0.5204513669013977,0.5569992065429688,0.2562485933303833,0.4628899395465851,,,,,,,,,,,,,,,,0.4999992251396179,0.20525094866752625,0.0,0.0,47.518619537353516,0.0,0.0,0.0003000000142492354,9.500000305706635e-05,0.5,12.66507625579834
123300,,,,,,,,,,,,,,,,,,,,,,,,,,,,,,,0.4999993145465851,0.26885026693344116,0.0,0.0,47.227684020996094,0.0,0.0,0.0003000000142492354,9.500000305706635e-05,0.5,12.676532745361328
123600,,,,,,,,,,,,,,,,,,,,,,,,,,,,,,,0.4999992251396179,0.25490376353263855,0.0,0.0,48.62472152709961,0.0,0.0,0.0003000000142492354,9.500000305706635e-05,0.5,12.683772087097168
123900,,,,,,,,,,,,,,,,,,,,,,,,,,,,,,,0.49999940395355225,0.30339428782463074,0.0,0.0,44.21820068359375,0.0,0.0,0.0003000000142492354,9.500000305706635e-05,0.5,12.695496559143066
124200,,,,,,,,,,,,,,,,,,,,,,,,,,,,,,,0.49999919533729553,0.18159912526607513,0.0,0.0,45.623538970947266,0.0,0.0,0.0003000000142492354,9.500000305706635e-05,0.5,12.70090389251709
124500,0.410400390625,3.2587337493896484,4.309442520141602,0.61968994140625,0.19298458099365234,0.36767932772636414,0.5381393432617188,2.440422296524048,3.8336174488067627,0.4982757568359375,0.3102129399776459,0.5129293203353882,0.5612564086914062,0.2548924386501312,0.46803662180900574,,,,,,,,,,,,,,,,0.4999993145465851,0.20819227397441864,0.0,0.0,51.826759338378906,1.0,0.0,0.0003000000142492354,9.025000326801091e-05,0.5,12.709615707397461
124800,,,,,,,,,,,,,,,,,,,,,,,,,,,,,,,0.49999961256980896,0.20151203870773315,0.0,0.0,53.68456268310547,1.0,0.0,0.0003000000142492354,8.573749801144004e-05,0.5,12.717432022094727
125100,,,,,,,,,,,,,,,,,,,,,,,,,,,,,,,0.4999989867210388,0.22276151180267334,0.0,0.0,41.083168029785156,0.0,0.0,0.0003000000142492354,8.573749801144004e-05,0.5,12.727667808532715
125400,,,,,,,,,,,,,,,,,,,,,,,,,,,,,,,0.4999995529651642,0.2570747137069702,0.0,0.0,47.12655258178711,0.0,0.0,0.0003000000142492354,8.573749801144004e-05,0.5,12.73516845703125
125700,,,,,,,,,,,,,,,,,,,,,,,,,,,,,,,0.4999993145465851,0.2759547531604767,0.0,0.0,42.68198776245117,0.0,0.0,0.0003000000142492354,8.573749801144004e-05,0.5,12.743735313415527
126000,0.4091796875,3.2478363513946533,4.254098415374756,0.61944580078125,0.19470787048339844,0.36790621280670166,0.521759033203125,2.6031813621520996,3.949767589569092,0.513397216796875,0.30453911423683167,0.5085766911506653,0.5654983520507812,0.2574094831943512,0.47108834981918335,,,,,,,,,,,,,,,,0.4999992251396179,0.23874762654304504,0.0,0.0,48.588478088378906,0.0,0.0,0.0003000000142492354,8.573749801144004e-05,0.5,12.752588272094727
126300,,,,,,,,,,,,,,,,,,,,,,,,,,,,,,,0.49999940395355225,0.2498009204864502,0.0,0.0,42.67216110229492,0.0,0.0,0.0003000000142492354,8.573749801144004e-05,0.5,12.76043701171875
126600,,,,,,,,,,,,,,,,,,,,,,,,,,,,,,,0.49999940395355225,0.23421749472618103,0.0,0.0,50.13287353515625,1.0,0.0,0.0003000000142492354,8.14506274764426e-05,0.5,12.76873779296875
126900,,,,,,,,,,,,,,,,,,,,,,,,,,,,,,,0.49999937415122986,0.20923112332820892,0.0,0.0,49.028072357177734,0.0,0.0,0.0003000000142492354,8.14506274764426e-05,0.5,12.776504516601562
127200,,,,,,,,,,,,,,,,,,,,,,,,,,,,,,,0.4999992847442627,0.22241365909576416,0.0,0.0,44.658653259277344,0.0,0.0,0.0003000000142492354,8.14506274764426e-05,0.5,12.7862548828125
127500,0.413330078125,3.216853618621826,4.218011856079102,0.621917724609375,0.19152496755123138,0.3657563626766205,0.5379486083984375,2.352693796157837,3.686812400817871,0.5071868896484375,0.3131124973297119,0.5104436278343201,0.5651016235351562,0.2549671232700348,0.465640127658844,,,,,,,,,,,,,,,,0.4999992847442627,0.2572237551212311,0.0,0.0,54.71202087402344,1.0,0.0,0.0003000000142492354,7.737809210084379e-05,0.5,12.794424057006836
127800,,,,,,,,,,,,,,,,,,,,,,,,,,,,,,,0.49999937415122986,0.2553134560585022,0.0,0.0,37.473472595214844,0.0,0.0,0.0003000000142492354,7.737809210084379e-05,0.5,12.80213737487793
128100,,,,,,,,,,,,,,,,,,,,,,,,,,,,,,,0.49999934434890747,0.24731676280498505,0.0,0.0,46.931968688964844,0.0,0.0,0.0003000000142492354,7.737809210084379e-05,0.5,12.809830665588379
128400,,,,,,,,,,,,,,,,,,,,,,,,,,,,,,,0.499999463558197,0.22455911338329315,0.0,0.0,41.21376419067383,0.0,0.0,0.0003000000142492354,7.737809210084379e-05,0.5,12.818090438842773
128700,,,,,,,,,,,,,,,,,,,,,,,,,,,,,,,0.4999993145465851,0.2227724939584732,0.0,0.0,50.420467376708984,1.0,0.0,0.0003000000142492354,7.350918895099312e-05,0.5,12.825668334960938
129000,0.410400390625,3.1818714141845703,4.265958786010742,0.618255615234375,0.1876041442155838,0.3570288419723511,0.556396484375,2.0699710845947266,3.4102718830108643,0.5104217529296875,0.32009807229042053,0.510657012462616,0.5605010986328125,0.2535523474216461,0.46195653080940247,,,,,,,,,,,,,,,,0.49999940395355225,0.24370041489601135,0.0,0.0,50.94160079956055,1.0,0.0,0.0003000000142492354,6.983373168623075e-05,0.5,12.83668327331543
129300,,,,,,,,,,,,,,,,,,,,,,,,,,,,,,,0.49999940395355225,0.2997925281524658,0.0,0.0,41.8662223815918,0.0,0.0,0.0003000000142492354,6.983373168623075e-05,0.5,12.842838287353516
129600,,,,,,,,,,,,,,,,,,,,,,,,,,,,,,,0.4999992847442627,0.27884331345558167,0.0,0.0,37.245731353759766,0.0,0.0,0.0003000000142492354,6.983373168623075e-05,0.5,12.851546287536621
129900,,,,,,,,,,,,,,,,,,,,,,,,,,,,,,,0.4999995827674866,0.21935167908668518,0.0,0.0,40.723960876464844,0.0,0.0,0.0003000000142492354,6.983373168623075e-05,0.5,12.86087703704834
130200,,,,,,,,,,,,,,,,,,,,,,,,,,,,,,,0.4999992549419403,0.2557140290737152,0.0,0.0,46.2394905090332,0.0,0.0,0.0003000000142492354,6.983373168623075e-05,0.5,12.87030029296875
130500,0.4091796875,3.1252450942993164,4.220622539520264,0.6231842041015625,0.1870785653591156,0.35681402683258057,0.5505599975585938,2.1439549922943115,3.4763760566711426,0.5101776123046875,0.31223753094673157,0.5106717944145203,0.5629348754882812,0.2496221661567688,0.46319103240966797,,,,,,,,,,,,,,,,0.4999993145465851,0.21976563334465027,0.0,0.0,47.01618194580078,0.0,0.0,0.0003000000142492354,6.983373168623075e-05,0.5,12.878372192382812
130800,,,,,,,,,,,,,,,,,,,,,,,,,,,,,,,0.4999992251396179,0.18866167962551117,0.0,0.0,49.21181106567383,0.0,0.0,0.0003000000142492354,6.983373168623075e-05,0.5,12.88840389251709
131100,,,,,,,,,,,,,,,,,,,,,,,,,,,,,,,0.49999913573265076,0.22585657238960266,0.0,0.0,48.125606536865234,0.0,0.0,0.0003000000142492354,6.983373168623075e-05,0.5,12.895858764648438
131400,,,,,,,,,,,,,,,,,,,,,,,,,,,,,,,0.4999992251396179,0.23748521506786346,0.0,0.0,42.02847671508789,0.0,0.0,0.0003000000142492354,6.983373168623075e-05,0.5,12.903800964355469
131700,,,,,,,,,,,,,,,,,,,,,,,,,,,,,,,0.4999993145465851,0.2180854082107544,0.0,0.0,46.682247161865234,0.0,0.0,0.0003000000142492354,6.983373168623075e-05,0.5,12.913311958312988
132000,0.40380859375,3.2728700637817383,4.3961873054504395,0.6222381591796875,0.18539801239967346,0.3526800870895386,0.550201416015625,2.3140335083007812,3.7451331615448,0.5069122314453125,0.3149363398551941,0.5066414475440979,0.5655288696289062,0.24993255734443665,0.46124470233917236,,,,,,,,,,,,,,,,0.4999992847442627,0.2173432558774948,0.0,0.0,40.87229537963867,0.0,0.0,0.0003000000142492354,6.983373168623075e-05,0.5,12.920907974243164
132300,,,,,,,,,,,,,,,,,,,,,,,,,,,,,,,0.49999916553497314,0.19111913442611694,0.0,0.0,44.18889617919922,0.0,0.0,0.0003000000142492354,6.983373168623075e-05,0.5,12.928467750549316
132600,,,,,,,,,,,,,,,,,,,,,,,,,,,,,,,0.49999940395355225,0.23070773482322693,0.0,0.0,42.43740463256836,0.0,0.0,0.0003000000142492354,6.983373168623075e-05,0.5,12.93840503692627
132900,,,,,,,,,,,,,,,,,,,,,,,,,,,,,,,0.49999913573265076,0.22524701058864594,0.0,0.0,43.001502990722656,0.0,0.0,0.0003000000142492354,6.983373168623075e-05,0.5,12.945683479309082
133200,,,,,,,,,,,,,,,,,,,,,,,,,,,,,,,0.49999943375587463,0.23843304812908173,0.0,0.0,38.75779342651367,0.0,0.0,0.0003000000142492354,6.983373168623075e-05,0.5,12.955082893371582
133500,0.404296875,2.9988467693328857,4.187168598175049,0.6213226318359375,0.17326593399047852,0.34039363265037537,0.5556564331054688,1.9641408920288086,3.326866626739502,0.5113067626953125,0.3047565817832947,0.5151609182357788,0.5678634643554688,0.23561114072799683,0.4571109414100647,,,,,,,,,,,,,,,,0.499999463558197,0.20773735642433167,0.0,0.0,46.3813362121582,0.0,0.0,0.0003000000142492354,6.983373168623075e-05,0.5,12.963930130004883
133800,,,,,,,,,,,,,,,,,,,,,,,,,,,,,,,0.4999992847442627,0.22993311285972595,0.0,0.0,51.138179779052734,1.0,0.0,0.0003000000142492354,6.634204328292981e-05,0.5,12.972601890563965
134100,,,,,,,,,,,,,,,,,,,,,,,,,,,,,,,0.4999990463256836,0.24960766732692719,0.0,0.0,42.92500305175781,0.0,0.0,0.0003000000142492354,6.634204328292981e-05,0.5,12.979061126708984
134400,,,,,,,,,,,,,,,,,,,,,,,,,,,,,,,0.49999916553497314,0.2139633297920227,0.0,0.0,43.43082046508789,0.0,0.0,0.0003000000142492354,6.634204328292981e-05,0.5,12.987327575683594
134700,,,,,,,,,,,,,,,,,,,,,,,,,,,,,,,0.4999990165233612,0.2511521577835083,0.0,0.0,41.2184944152832,0.0,0.0,0.0003000000142492354,6.634204328292981e-05,0.5,12.994949340820312
135000,0.400390625,3.1886086463928223,4.081564903259277,0.619171142578125,0.18577776849269867,0.3525868356227875,0.5610198974609375,2.090191125869751,3.4800217151641846,0.509246826171875,0.3119247853755951,0.5077918171882629,0.5609817504882812,0.2465609759092331,0.45183759927749634,,,,,,,,,,,,,,,,0.4999994933605194,0.22267118096351624,0.0,0.0,45.7907829284668,0.0,0.0,0.0003000000142492354,6.634204328292981e-05,0.5,13.00322151184082
135300,,,,,,,,,,,,,,,,,,,,,,,,,,,,,,,0.499999076128006,0.26598307490348816,0.0,0.0,38.3838996887207,0.0,0.0,0.0003000000142492354,6.634204328292981e-05,0.5,13.01156997680664
135600,,,,,,,,,,,,,,,,,,,,,,,,,,,,,,,0.4999992251396179,0.18386521935462952,0.0,0.0,40.027889251708984,0.0,0.0,0.0003000000142492354,6.634204328292981e-05,0.5,13.020171165466309
135900,,,,,,,,,,,,,,,,,,,,,,,,,,,,,,,0.49999916553497314,0.21650172770023346,0.0,0.0,47.658817291259766,0.0,0.0,0.0003000000142492354,6.634204328292981e-05,0.5,13.029667854309082
136200,,,,,,,,,,,,,,,,,,,,,,,,,,,,,,,0.4999992847442627,0.2533448338508606,0.0,0.0,40.03354263305664,0.0,0.0,0.0003000000142492354,6.634204328292981e-05,0.5,13.039193153381348
136500,0.40478515625,3.282071590423584,4.30283784866333,0.6227874755859375,0.18128180503845215,0.35299110412597656,0.5600357055664062,2.161045551300049,3.5922136306762695,0.5110931396484375,0.31103259325027466,0.5064478516578674,0.5683059692382812,0.2476184070110321,0.4545319974422455,,,,,,,,,,,,,,,,0.4999992847442627,0.2622680962085724,0.0,0.0,45.0916748046875,0.0,0.0,0.0003000000142492354,6.634204328292981e-05,0.5,13.044053077697754
136800,,,,,,,,,,,,,,,,,,,,,,,,,,,,,,,0.4999993145465851,0.21879760921001434,0.0,0.0,40.89438247680664,0.0,0.0,0.0003000000142492354,6.634204328292981e-05,0.5,13.054485321044922
137100,,,,,,,,,,,,,,,,,,,,,,,,,,,,,,,0.4999992549419403,0.2622632086277008,0.0,0.0,44.67581558227539,0.0,0.0,0.0003000000142492354,6.634204328292981e-05,0.5,13.062104225158691
137400,,,,,,,,,,,,,,,,,,,,,,,,,,,,,,,0.49999916553497314,0.26917991042137146,0.0,0.0,40.42176818847656,0.0,0.0,0.0003000000142492354,6.634204328292981e-05,0.5,13.072380065917969
137700,,,,,,,,,,,,,,,,,,,,,,,,,,,,,,,0.49999934434890747,0.22090193629264832,0.0,0.0,43.5320930480957,0.0,0.0,0.0003000000142492354,6.634204328292981e-05,0.5,13.081377983093262
138000,0.406005859375,3.2503066062927246,4.257343769073486,0.622283935546875,0.1880861222743988,0.36243700981140137,0.5553207397460938,2.2269845008850098,3.629615545272827,0.5058746337890625,0.3143254518508911,0.5047807693481445,0.5614852905273438,0.24753811955451965,0.4427731931209564,,,,,,,,,,,,,,,,0.4999990165233612,0.25556591153144836,0.0,0.0,40.76224136352539,0.0,0.0,0.0003000000142492354,6.634204328292981e-05,0.5,13.09166145324707
138300,,,,,,,,,,,,,,,,,,,,,,,,,,,,,,,0.49999943375587463,0.19434458017349243,0.0,0.0,43.97914123535156,0.0,0.0,0.0003000000142492354,6.634204328292981e-05,0.5,13.099924087524414
138600,,,,,,,,,,,,,,,,,,,,,,,,,,,,,,,0.4999992549419403,0.2307906597852707,0.0,0.0,42.08876037597656,0.0,0.0,0.0003000000142492354,6.634204328292981e-05,0.5,13.10947322845459
138900,,,,,,,,,,,,,,,,,,,,,,,,,,,,,,,0.49999913573265076,0.23373627662658691,0.0,0.0,44.1572265625,0.0,0.0,0.0003000000142492354,6.634204328292981e-05,0.5,13.116082191467285
139200,,,,,,,,,,,,,,,,,,,,,,,,,,,,,,,0.499999463558197,0.23330813646316528,0.0,0.0,37.92814254760742,0.0,0.0,0.0003000000142492354,6.634204328292981e-05,0.5,13.125064849853516
139500,0.40087890625,3.2667438983917236,4.2483320236206055,0.61798095703125,0.1851612627506256,0.3529309928417206,0.5643844604492188,2.132998466491699,3.530937671661377,0.509918212890625,0.3134356141090393,0.4998486042022705,0.562164306640625,0.24850720167160034,0.4467553198337555,,,,,,,,,,,,,,,,0.4999992251396179,0.22526267170906067,0.0,0.0,39.94899368286133,0.0,0.0,0.0003000000142492354,6.634204328292981e-05,0.5,13.132241249084473
139800,,,,,,,,,,,,,,,,,,,,,,,,,,,,,,,0.4999992251396179,0.24835649132728577,0.0,0.0,40.55982208251953,0.0,0.0,0.0003000000142492354,6.634204328292981e-05,0.5,13.140902519226074
140100,,,,,,,,,,,,,,,,,,,,,,,,,,,,,,,0.4999994933605194,0.24790024757385254,0.0,0.0,38.69799041748047,0.0,0.0,0.0003000000142492354,6.634204328292981e-05,0.5,13.147482872009277
140400,,,,,,,,,,,,,,,,,,,,,,,,,,,,,,,0.4999992549419403,0.20262815058231354,0.0,0.0,40.60719299316406,0.0,0.0,0.0003000000142492354,6.634204328292981e-05,0.5,13.157788276672363
140700,,,,,,,,,,,,,,,,,,,,,,,,,,,,,,,0.4999992251396179,0.2845292389392853,0.0,0.0,41.52178955078125,0.0,0.0,0.0003000000142492354,6.634204328292981e-05,0.5,13.164379119873047
141000,0.405029296875,3.0420496463775635,4.2050299644470215,0.6178131103515625,0.18721285462379456,0.35133329033851624,0.5524063110351562,2.0646586418151855,3.372131586074829,0.51287841796875,0.3005182147026062,0.5120959877967834,0.5644073486328125,0.23806144297122955,0.4528820812702179,,,,,,,,,,,,,,,,0.4999992847442627,0.26336246728897095,0.0,0.0,41.74150848388672,0.0,0.0,0.0003000000142492354,6.634204328292981e-05,0.5,13.171588897705078
141300,,,,,,,,,,,,,,,,,,,,,,,,,,,,,,,0.4999993145465851,0.23279927670955658,0.0,0.0,38.46892547607422,0.0,0.0,0.0003000000142492354,6.634204328292981e-05,0.5,13.179875373840332
141600,,,,,,,,,,,,,,,,,,,,,,,,,,,,,,,0.4999994933605194,0.2369936853647232,0.0,0.0,44.766971588134766,0.0,0.0,0.0003000000142492354,6.634204328292981e-05,0.5,13.186071395874023
141900,,,,,,,,,,,,,,,,,,,,,,,,,,,,,,,0.49999919533729553,0.25323009490966797,0.0,0.0,40.76982498168945,0.0,0.0,0.0003000000142492354,6.634204328292981e-05,0.5,13.19395637512207
142200,,,,,,,,,,,,,,,,,,,,,,,,,,,,,,,0.49999913573265076,0.19805864989757538,0.0,0.0,43.637516021728516,0.0,0.0,0.0003000000142492354,6.634204328292981e-05,0.5,13.202810287475586
142500,0.40673828125,3.1487836837768555,4.139788627624512,0.6196441650390625,0.18550929427146912,0.3558156192302704,0.561431884765625,2.090763568878174,3.48298716545105,0.511993408203125,0.3115985095500946,0.5052555203437805,0.5682907104492188,0.24334174394607544,0.4444645941257477,,,,,,,,,,,,,,,,0.49999916553497314,0.24307341873645782,0.0,0.0,38.649864196777344,0.0,0.0,0.0003000000142492354,6.634204328292981e-05,0.5,13.211360931396484
142800,,,,,,,,,,,,,,,,,,,,,,,,,,,,,,,0.49999934434890747,0.20494048297405243,0.0,0.0,39.221553802490234,0.0,0.0,0.0003000000142492354,6.634204328292981e-05,0.5,13.217732429504395
143100,,,,,,,,,,,,,,,,,,,,,,,,,,,,,,,0.49999916553497314,0.22227056324481964,0.0,0.0,40.570526123046875,0.0,0.0,0.0003000000142492354,6.634204328292981e-05,0.5,13.225342750549316
143400,,,,,,,,,,,,,,,,,,,,,,,,,,,,,,,0.49999892711639404,0.24887791275978088,0.0,0.0,37.71403503417969,0.0,0.0,0.0003000000142492354,6.634204328292981e-05,0.5,13.23335075378418
143700,,,,,,,,,,,,,,,,,,,,,,,,,,,,,,,0.49999913573265076,0.25539571046829224,0.0,0.0,44.000518798828125,0.0,0.0,0.0003000000142492354,6.634204328292981e-05,0.5,13.241522789001465
144000,0.40185546875,3.056048631668091,4.184953212738037,0.614044189453125,0.18212038278579712,0.33744698762893677,0.5580368041992188,2.1375958919525146,3.5739994049072266,0.5101318359375,0.30426740646362305,0.5109423398971558,0.5686187744140625,0.2352541834115982,0.447269082069397,,,,,,,,,,,,,,,,0.4999994933605194,0.2567134201526642,0.0,0.0,41.61085891723633,0.0,0.0,0.0003000000142492354,6.634204328292981e-05,0.5,13.248887062072754
144300,,,,,,,,,,,,,,,,,,,,,,,,,,,,,,,0.4999992549419403,0.23302672803401947,0.0,0.0,44.72332763671875,0.0,0.0,0.0003000000142492354,6.634204328292981e-05,0.5,13.259225845336914
144600,,,,,,,,,,,,,,,,,,,,,,,,,,,,,,,0.4999990165233612,0.2448606640100479,0.0,0.0,42.07746887207031,0.0,0.0,0.0003000000142492354,6.634204328292981e-05,0.5,13.268054962158203
144900,,,,,,,,,,,,,,,,,,,,,,,,,,,,,,,0.49999913573265076,0.2329883575439453,0.0,0.0,41.751407623291016,0.0,0.0,0.0003000000142492354,6.634204328292981e-05,0.5,13.277731895446777
145200,,,,,,,,,,,,,,,,,,,,,,,,,,,,,,,0.49999919533729553,0.2495301514863968,0.0,0.0,46.705101013183594,0.0,0.0,0.0003000000142492354,6.634204328292981e-05,0.5,13.286338806152344
145500,0.40185546875,3.2735886573791504,4.252751350402832,0.621490478515625,0.18309375643730164,0.34796470403671265,0.554351806640625,2.287402391433716,3.7263238430023193,0.5112457275390625,0.30687540769577026,0.4964902102947235,0.5667877197265625,0.24562807381153107,0.44642049074172974,,,,,,,,,,,,,,,,0.49999934434890747,0.20062868297100067,0.0,0.0,38.7872200012207,0.0,0.0,0.0003000000142492354,6.634204328292981e-05,0.5,13.295302391052246
145800,,,,,,,,,,,,,,,,,,,,,,,,,,,,,,,0.4999994933605194,0.18984003365039825,0.0,0.0,38.48524475097656,0.0,0.0,0.0003000000142492354,6.634204328292981e-05,0.5,13.302311897277832
146100,,,,,,,,,,,,,,,,,,,,,,,,,,,,,,,0.4999995231628418,0.21757616102695465,0.0,0.0,44.969688415527344,0.0,0.0,0.0003000000142492354,6.634204328292981e-05,0.5,13.31220817565918
146400,,,,,,,,,,,,,,,,,,,,,,,,,,,,,,,0.49999919533729553,0.19805949926376343,0.0,0.0,40.558353424072266,0.0,0.0,0.0003000000142492354,6.634204328292981e-05,0.5,13.320083618164062
146700,,,,,,,,,,,,,,,,,,,,,,,,,,,,,,,0.49999916553497314,0.19099202752113342,0.0,0.0,41.84843063354492,0.0,0.0,0.0003000000142492354,6.634204328292981e-05,0.5,13.32857894897461
147000,0.40283203125,3.1272146701812744,4.135985374450684,0.617431640625,0.1844443827867508,0.34801578521728516,0.5605545043945312,2.1682300567626953,3.5713014602661133,0.5104522705078125,0.30374935269355774,0.501459002494812,0.5689544677734375,0.2392251193523407,0.44527608156204224,,,,,,,,,,,,,,,,0.4999993145465851,0.24013328552246094,0.0,0.0,36.93642044067383,0.0,0.0,0.0003000000142492354,6.634204328292981e-05,0.5,13.337041854858398
147300,,,,,,,,,,,,,,,,,,,,,,,,,,,,,,,0.4999992251396179,0.3045523166656494,0.0,0.0,39.385459899902344,0.0,0.0,0.0003000000142492354,6.634204328292981e-05,0.5,13.344977378845215
147600,,,,,,,,,,,,,,,,,,,,,,,,,,,,,,,0.49999934434890747,0.1672302633523941,0.0,0.0,41.963478088378906,0.0,0.0,0.0003000000142492354,6.634204328292981e-05,0.5,13.352231979370117
147900,,,,,,,,,,,,,,,,,,,,,,,,,,,,,,,0.4999992549419403,0.23816880583763123,0.0,0.0,40.28790283203125,0.0,0.0,0.0003000000142492354,6.634204328292981e-05,0.5,13.35891342163086
148200,,,,,,,,,,,,,,,,,,,,,,,,,,,,,,,0.4999992251396179,0.2312687337398529,0.0,0.0,39.39170837402344,0.0,0.0,0.0003000000142492354,6.634204328292981e-05,0.5,13.365838050842285
148500,0.3994140625,3.3108081817626953,4.088021755218506,0.6213226318359375,0.19043637812137604,0.36031603813171387,0.5453872680664062,2.4094104766845703,3.7978947162628174,0.51312255859375,0.30755147337913513,0.4970981776714325,0.567901611328125,0.24446986615657806,0.4377375543117523,,,,,,,,,,,,,,,,0.49999913573265076,0.2115156054496765,0.0,0.0,40.84782791137695,0.0,0.0,0.0003000000142492354,6.634204328292981e-05,0.5,13.374984741210938
148800,,,,,,,,,,,,,,,,,,,,,,,,,,,,,,,0.499999463558197,0.18770618736743927,0.0,0.0,42.01255798339844,0.0,0.0,0.0003000000142492354,6.634204328292981e-05,0.5,13.38429069519043
149100,,,,,,,,,,,,,,,,,,,,,,,,,,,,,,,0.49999934434890747,0.19636134803295135,0.0,0.0,40.39590072631836,0.0,0.0,0.0003000000142492354,6.634204328292981e-05,0.5,13.395170211791992
149400,,,,,,,,,,,,,,,,,,,,,,,,,,,,,,,0.4999990165233612,0.26296672224998474,0.0,0.0,42.09975051879883,0.0,0.0,0.0003000000142492354,6.634204328292981e-05,0.5,13.401493072509766
149700,,,,,,,,,,,,,,,,,,,,,,,,,,,,,,,0.49999934434890747,0.24857079982757568,0.0,0.0,40.03592300415039,0.0,0.0,0.0003000000142492354,6.634204328292981e-05,0.5,13.408193588256836
150000,0.3974609375,2.9490716457366943,4.040625095367432,0.610107421875,0.18307001888751984,0.33573204278945923,0.5619583129882812,2.0331900119781494,3.4090888500213623,0.5133056640625,0.30129164457321167,0.5031570792198181,0.5640716552734375,0.23115873336791992,0.43784552812576294,,,,,,,,,,,,,,,,0.49999940395355225,0.2050771862268448,0.0,0.0,41.291316986083984,0.0,0.0,0.0003000000142492354,6.634204328292981e-05,0.5,13.415167808532715
150300,,,,,,,,,,,,,,,,,,,,,,,,,,,,,,,0.49999910593032837,0.2036183625459671,0.0,0.0,40.45753479003906,0.0,0.0,0.0003000000142492354,6.634204328292981e-05,0.5,13.42559814453125
150600,,,,,,,,,,,,,,,,,,,,,,,,,,,,,,,0.49999943375587463,0.2272595316171646,0.0,0.0,47.44535446166992,0.0,0.0,0.0003000000142492354,6.634204328292981e-05,0.5,13.431747436523438
150900,,,,,,,,,,,,,,,,,,,,,,,,,,,,,,,0.49999919533729553,0.2801796495914459,0.0,0.0,42.42845153808594,0.0,0.0,0.0003000000142492354,6.634204328292981e-05,0.5,13.438233375549316
151200,,,,,,,,,,,,,,,,,,,,,,,,,,,,,,,0.49999919533729553,0.24089278280735016,0.0,0.0,39.873634338378906,0.0,0.0,0.0003000000142492354,6.634204328292981e-05,0.5,13.446361541748047
151500,0.398681640625,3.0605244636535645,4.079185962677002,0.6132354736328125,0.18635299801826477,0.34653449058532715,0.5648574829101562,2.028482437133789,3.4031243324279785,0.512725830078125,0.30382299423217773,0.49913206696510315,0.5647735595703125,0.23570053279399872,0.43589112162590027,,,,,,,,,,,,,,,,0.4999992549419403,0.25297921895980835,0.0,0.0,45.063377380371094,0.0,0.0,0.0003000000142492354,6.634204328292981e-05,0.5,13.455151557922363
151800,,,,,,,,,,,,,,,,,,,,,,,,,,,,,,,0.4999992549419403,0.21097324788570404,0.0,0.0,41.861114501953125,0.0,0.0,0.0003000000142492354,6.634204328292981e-05,0.5,13.463479995727539
152100,,,,,,,,,,,,,,,,,,,,,,,,,,,,,,,0.49999937415122986,0.19422630965709686,0.0,0.0,39.58871078491211,0.0,0.0,0.0003000000142492354,6.634204328292981e-05,0.5,13.471327781677246
152400,,,,,,,,,,,,,,,,,,,,,,,,,,,,,,,0.4999995529651642,0.22946178913116455,0.0,0.0,50.98663330078125,1.0,0.0,0.0003000000142492354,6.30249414825812e-05,0.5,13.477676391601562
152700,,,,,,,,,,,,,,,,,,,,,,,,,,,,,,,0.49999910593032837,0.22344881296157837,0.0,0.0,47.01349639892578,0.0,0.0,0.0003000000142492354,6.30249414825812e-05,0.5,13.484699249267578
153000,0.40673828125,3.1299006938934326,4.170587062835693,0.61505126953125,0.187929168343544,0.3548421859741211,0.5567626953125,2.2301113605499268,3.6504099369049072,0.510406494140625,0.30541324615478516,0.49732622504234314,0.5675811767578125,0.23655381798744202,0.4354068338871002,,,,,,,,,,,,,,,,0.4999992251396179,0.2961169481277466,0.0,0.0,48.09711456298828,0.0,0.0,0.0003000000142492354,6.30249414825812e-05,0.5,13.492021560668945
153300,,,,,,,,,,,,,,,,,,,,,,,,,,,,,,,0.49999937415122986,0.2406816929578781,0.0,0.0,48.72995376586914,0.0,0.0,0.0003000000142492354,6.30249414825812e-05,0.5,13.499370574951172
153600,,,,,,,,,,,,,,,,,,,,,,,,,,,,,,,0.49999943375587463,0.21657989919185638,0.0,0.0,43.05282974243164,0.0,0.0,0.0003000000142492354,6.30249414825812e-05,0.5,13.506112098693848
153900,,,,,,,,,,,,,,,,,,,,,,,,,,,,,,,0.4999992847442627,0.22103823721408844,0.0,0.0,43.60566329956055,0.0,0.0,0.0003000000142492354,6.30249414825812e-05,0.5,13.51327896118164
154200,,,,,,,,,,,,,,,,,,,,,,,,,,,,,,,0.49999934434890747,0.18384575843811035,0.0,0.0,48.67117691040039,0.0,0.0,0.0003000000142492354,6.30249414825812e-05,0.5,13.522514343261719
154500,0.38720703125,3.1559877395629883,4.127111434936523,0.61541748046875,0.1860954761505127,0.34876886010169983,0.5750808715820312,1.987628698348999,3.4124391078948975,0.51519775390625,0.30821356177330017,0.4985153079032898,0.566497802734375,0.23797479271888733,0.4338018000125885,,,,,,,,,,,,,,,,0.4999993145465851,0.23269984126091003,0.0,0.0,41.00771713256836,0.0,0.0,0.0003000000142492354,6.30249414825812e-05,0.5,13.529040336608887
154800,,,,,,,,,,,,,,,,,,,,,,,,,,,,,,,0.4999993145465851,0.24996274709701538,0.0,0.0,43.9978141784668,0.0,0.0,0.0003000000142492354,6.30249414825812e-05,0.5,13.54238510131836
155100,,,,,,,,,,,,,,,,,,,,,,,,,,,,,,,0.4999989867210388,0.2142701894044876,0.0,0.0,44.663047790527344,0.0,0.0,0.0003000000142492354,6.30249414825812e-05,0.5,13.547890663146973
155400,,,,,,,,,,,,,,,,,,,,,,,,,,,,,,,0.4999992251396179,0.1977939009666443,0.0,0.0,45.61513137817383,0.0,0.0,0.0003000000142492354,6.30249414825812e-05,0.5,13.554389953613281
155700,,,,,,,,,,,,,,,,,,,,,,,,,,,,,,,0.4999992549419403,0.2291281670331955,0.0,0.0,50.88236618041992,1.0,0.0,0.0003000000142492354,5.98736951360479e-05,0.5,13.562488555908203
156000,0.40673828125,2.986978054046631,4.240696430206299,0.6142425537109375,0.17956386506557465,0.3420776128768921,0.5695419311523438,1.9934355020523071,3.4579899311065674,0.5198211669921875,0.3038957118988037,0.5030373930931091,0.57330322265625,0.22914031147956848,0.44372108578681946,,,,,,,,,,,,,,,,0.4999992251396179,0.2295314073562622,0.0,0.0,44.29049301147461,0.0,0.0,0.0003000000142492354,5.98736951360479e-05,0.5,13.568860054016113
156300,,,,,,,,,,,,,,,,,,,,,,,,,,,,,,,0.4999995231628418,0.18611101806163788,0.0,0.0,43.18043518066406,0.0,0.0,0.0003000000142492354,5.98736951360479e-05,0.5,13.576696395874023
156600,,,,,,,,,,,,,,,,,,,,,,,,,,,,,,,0.4999993145465851,0.2157946079969406,0.0,0.0,39.69133377075195,0.0,0.0,0.0003000000142492354,5.98736951360479e-05,0.5,13.58287525177002
156900,,,,,,,,,,,,,,,,,,,,,,,,,,,,,,,0.49999934434890747,0.21568986773490906,0.0,0.0,47.238555908203125,0.0,0.0,0.0003000000142492354,5.98736951360479e-05,0.5,13.587420463562012
157200,,,,,,,,,,,,,,,,,,,,,,,,,,,,,,,0.4999992847442627,0.22179988026618958,0.0,0.0,45.26675796508789,0.0,0.0,0.0003000000142492354,5.98736951360479e-05,0.5,13.596031188964844
157500,0.397705078125,3.218553066253662,4.230547904968262,0.6154022216796875,0.1859721839427948,0.35879215598106384,0.5695037841796875,2.141659736633301,3.5854012966156006,0.5117340087890625,0.3061898350715637,0.49439501762390137,0.5642623901367188,0.23837235569953918,0.43188780546188354,,,,,,,,,,,,,,,,0.49999940395355225,0.19755685329437256,0.0,0.0,47.54035568237305,0.0,0.0,0.0003000000142492354,5.98736951360479e-05,0.5,13.604728698730469
157800,,,,,,,,,,,,,,,,,,,,,,,,,,,,,,,0.4999995231628418,0.23632124066352844,0.0,0.0,51.241756439208984,1.0,0.0,0.0003000000142492354,5.688000965164974e-05,0.5,13.61247730255127
158100,,,,,,,,,,,,,,,,,,,,,,,,,,,,,,,0.49999943375587463,0.21964095532894135,0.0,0.0,46.9102783203125,0.0,0.0,0.0003000000142492354,5.688000965164974e-05,0.5,13.619465827941895
158400,,,,,,,,,,,,,,,,,,,,,,,,,,,,,,,0.4999993145465851,0.2071043848991394,0.0,0.0,48.05458068847656,0.0,0.0,0.0003000000142492354,5.688000965164974e-05,0.5,13.625608444213867
158700,,,,,,,,,,,,,,,,,,,,,,,,,,,,,,,0.49999937415122986,0.23614655435085297,0.0,0.0,53.13435363769531,1.0,0.0,0.0003000000142492354,5.4036008805269375e-05,0.5,13.633880615234375
159000,0.399169921875,3.2217233180999756,4.034997463226318,0.6162109375,0.19038210809230804,0.3599177300930023,0.5508499145507812,2.360792875289917,3.807567596435547,0.505279541015625,0.30104613304138184,0.4864954352378845,0.5711288452148438,0.23805291950702667,0.43215301632881165,,,,,,,,,,,,,,,,0.499999463558197,0.2364072948694229,0.0,0.0,46.852684020996094,0.0,0.0,0.0003000000142492354,5.4036008805269375e-05,0.5,13.641599655151367
159300,,,,,,,,,,,,,,,,,,,,,,,,,,,,,,,0.49999934434890747,0.19989651441574097,0.0,0.0,53.342647552490234,1.0,0.0,0.0003000000142492354,5.133420927450061e-05,0.5,13.647112846374512
159600,,,,,,,,,,,,,,,,,,,,,,,,,,,,,,,0.49999910593032837,0.23308470845222473,0.0,0.0,48.65388870239258,0.0,0.0,0.0003000000142492354,5.133420927450061e-05,0.5,13.655533790588379
159900,,,,,,,,,,,,,,,,,,,,,,,,,,,,,,,0.49999934434890747,0.2308775931596756,0.0,0.0,40.36103820800781,0.0,0.0,0.0003000000142492354,5.133420927450061e-05,0.5,13.660985946655273
160200,,,,,,,,,,,,,,,,,,,,,,,,,,,,,,,0.49999937415122986,0.2517968714237213,0.0,0.0,42.9474983215332,0.0,0.0,0.0003000000142492354,5.133420927450061e-05,0.5,13.666411399841309
160500,0.406982421875,3.106640338897705,4.066788673400879,0.6113433837890625,0.18618826568126678,0.34918567538261414,0.5596160888671875,2.176427125930786,3.632659912109375,0.5086822509765625,0.30225783586502075,0.48935580253601074,0.5674896240234375,0.23474416136741638,0.43054836988449097,,,,,,,,,,,,,,,,0.4999992847442627,0.21182763576507568,0.0,0.0,45.260677337646484,0.0,0.0,0.0003000000142492354,5.133420927450061e-05,0.5,13.674236297607422
160800,,,,,,,,,,,,,,,,,,,,,,,,,,,,,,,0.4999993145465851,0.2111697942018509,0.0,0.0,47.635379791259766,0.0,0.0,0.0003000000142492354,5.133420927450061e-05,0.5,13.680656433105469
161100,,,,,,,,,,,,,,,,,,,,,,,,,,,,,,,0.49999916553497314,0.2046753466129303,0.0,0.0,50.50863265991211,1.0,0.0,0.0003000000142492354,4.876749881077558e-05,0.5,13.686514854431152
161400,,,,,,,,,,,,,,,,,,,,,,,,,,,,,,,0.4999993145465851,0.24942971765995026,0.0,0.0,46.750938415527344,0.0,0.0,0.0003000000142492354,4.876749881077558e-05,0.5,13.692440032958984
161700,,,,,,,,,,,,,,,,,,,,,,,,,,,,,,,0.4999995827674866,0.22855186462402344,0.0,0.0,44.069847106933594,0.0,0.0,0.0003000000142492354,4.876749881077558e-05,0.5,13.70012378692627
162000,0.401123046875,2.885427236557007,4.031192779541016,0.6158294677734375,0.18560442328453064,0.34653007984161377,0.5491943359375,2.1140120029449463,3.4480113983154297,0.5160675048828125,0.2861585319042206,0.4946782886981964,0.5767745971679688,0.22070176899433136,0.44062548875808716,,,,,,,,,,,,,,,,0.49999943375587463,0.2519136369228363,0.0,0.0,50.81761169433594,1.0,0.0,0.0003000000142492354,4.6329121687449515e-05,0.5,13.70720100402832
162300,,,,,,,,,,,,,,,,,,,,,,,,,,,,,,,0.49999919533729553,0.24240286648273468,0.0,0.0,49.24878692626953,0.0,0.0,0.0003000000142492354,4.6329121687449515e-05,0.5,13.714436531066895
162600,,,,,,,,,,,,,,,,,,,,,,,,,,,,,,,0.49999961256980896,0.23776830732822418,0.0,0.0,48.14590835571289,0.0,0.0,0.0003000000142492354,4.6329121687449515e-05,0.5,13.721394538879395
162900,,,,,,,,,,,,,,,,,,,,,,,,,,,,,,,0.4999993145465851,0.23031674325466156,0.0,0.0,40.92952346801758,0.0,0.0,0.0003000000142492354,4.6329121687449515e-05,0.5,13.72927474975586
163200,,,,,,,,,,,,,,,,,,,,,,,,,,,,,,,0.49999934434890747,0.24126595258712769,0.0,0.0,45.49751663208008,0.0,0.0,0.0003000000142492354,4.6329121687449515e-05,0.5,13.73608112335205
163500,0.399169921875,3.1403861045837402,3.9779274463653564,0.620391845703125,0.1908552199602127,0.36023977398872375,0.5660324096679688,2.093484878540039,3.463310718536377,0.5090179443359375,0.305100679397583,0.4859547019004822,0.5723724365234375,0.23674410581588745,0.42625632882118225,,,,,,,,,,,,,,,,0.49999916553497314,0.22530987858772278,0.0,0.0,48.03254318237305,0.0,0.0,0.0003000000142492354,4.6329121687449515e-05,0.5,13.746417045593262
163800,,,,,,,,,,,,,,,,,,,,,,,,,,,,,,,0.4999992549419403,0.2562098205089569,0.0,0.0,46.295799255371094,0.0,0.0,0.0003000000142492354,4.6329121687449515e-05,0.5,13.756723403930664
164100,,,,,,,,,,,,,,,,,,,,,,,,,,,,,,,0.49999916553497314,0.2318803071975708,0.0,0.0,50.03803253173828,1.0,0.0,0.0003000000142492354,4.401266778586432e-05,0.5,13.766251564025879
164400,,,,,,,,,,,,,,,,,,,,,,,,,,,,,,,0.4999992847442627,0.21739381551742554,0.0,0.0,54.11559295654297,1.0,0.0,0.0003000000142492354,4.1812032577581704e-05,0.5,13.772997856140137
164700,,,,,,,,,,,,,,,,,,,,,,,,,,,,,,,0.4999993145465851,0.25950732827186584,0.0,0.0,49.24483108520508,0.0,0.0,0.0003000000142492354,4.1812032577581704e-05,0.5,13.777425765991211
165000,0.393798828125,3.194622278213501,4.032534599304199,0.6154327392578125,0.1892278641462326,0.3562206029891968,0.5532684326171875,2.3160791397094727,3.727386236190796,0.5068817138671875,0.3006259799003601,0.4812360405921936,0.5759429931640625,0.23268553614616394,0.4287637174129486,,,,,,,,,,,,,,,,0.499999463558197,0.1888609081506729,0.0,0.0,47.105464935302734,0.0,0.0,0.0003000000142492354,4.1812032577581704e-05,0.5,13.78530502319336
165300,,,,,,,,,,,,,,,,,,,,,,,,,,,,,,,0.49999919533729553,0.2572380602359772,0.0,0.0,53.99484634399414,1.0,0.0,0.0003000000142492354,3.972143167629838e-05,0.5,13.789106369018555
165600,,,,,,,,,,,,,,,,,,,,,,,,,,,,,,,0.49999943375587463,0.26232367753982544,0.0,0.0,46.748497009277344,0.0,0.0,0.0003000000142492354,3.972143167629838e-05,0.5,13.795321464538574
165900,,,,,,,,,,,,,,,,,,,,,,,,,,,,,,,0.4999992549419403,0.20379863679409027,0.0,0.0,52.128814697265625,1.0,0.0,0.0003000000142492354,3.773536082007922e-05,0.5,13.800108909606934
166200,,,,,,,,,,,,,,,,,,,,,,,,,,,,,,,0.49999910593032837,0.23425211012363434,0.0,0.0,46.330589294433594,0.0,0.0,0.0003000000142492354,3.773536082007922e-05,0.5,13.810393333435059
166500,0.38916015625,3.060711145401001,4.018959999084473,0.6175689697265625,0.18356451392173767,0.3548758029937744,0.555511474609375,2.1242928504943848,3.4936914443969727,0.5133514404296875,0.2940855324268341,0.4890732169151306,0.578277587890625,0.22558675706386566,0.43648919463157654,,,,,,,,,,,,,,,,0.49999940395355225,0.2508925795555115,0.0,0.0,48.55577087402344,0.0,0.0,0.0003000000142492354,3.773536082007922e-05,0.5,13.816306114196777
166800,,,,,,,,,,,,,,,,,,,,,,,,,,,,,,,0.49999916553497314,0.19671466946601868,0.0,0.0,50.479736328125,1.0,0.0,0.0003000000142492354,3.584859223337844e-05,0.5,13.822277069091797
167100,,,,,,,,,,,,,,,,,,,,,,,,,,,,,,,0.4999992847442627,0.16558369994163513,0.0,0.0,45.953189849853516,0.0,0.0,0.0003000000142492354,3.584859223337844e-05,0.5,13.828829765319824
167400,,,,,,,,,,,,,,,,,,,,,,,,,,,,,,,0.4999994933605194,0.24984757602214813,0.0,0.0,46.005523681640625,0.0,0.0,0.0003000000142492354,3.584859223337844e-05,0.5,13.833564758300781
167700,,,,,,,,,,,,,,,,,,,,,,,,,,,,,,,0.49999940395355225,0.23757806420326233,0.0,0.0,48.56998825073242,0.0,0.0,0.0003000000142492354,3.584859223337844e-05,0.5,13.84042739868164
168000,0.391357421875,3.0192253589630127,3.933558702468872,0.6187286376953125,0.18542830646038055,0.35152044892311096,0.556884765625,2.093074321746826,3.4519591331481934,0.513153076171875,0.296415776014328,0.48426735401153564,0.5751190185546875,0.22409233450889587,0.42894071340560913,,,,,,,,,,,,,,,,0.49999919533729553,0.227948859333992,0.0,0.0,54.95878601074219,1.0,0.0,0.0003000000142492354,3.405616371310316e-05,0.5,13.847806930541992
168300,,,,,,,,,,,,,,,,,,,,,,,,,,,,,,,0.4999992847442627,0.23390521109104156,0.0,0.0,52.665611267089844,1.0,0.0,0.0003000000142492354,3.235335316276178e-05,0.5,13.854233741760254
168600,,,,,,,,,,,,,,,,,,,,,,,,,,,,,,,0.49999937415122986,0.2439110279083252,0.0,0.0,56.395198822021484,1.0,0.0,0.0003000000142492354,3.073568586842157e-05,0.5,13.860530853271484
168900,,,,,,,,,,,,,,,,,,,,,,,,,,,,,,,0.49999934434890747,0.20781928300857544,0.0,0.0,47.52678298950195,0.0,0.0,0.0003000000142492354,3.073568586842157e-05,0.5,13.868119239807129
169200,,,,,,,,,,,,,,,,,,,,,,,,,,,,,,,0.49999913573265076,0.25805017352104187,0.0,0.0,49.017433166503906,0.0,0.0,0.0003000000142492354,3.073568586842157e-05,0.5,13.87594985961914
169500,0.39453125,3.0381734371185303,3.9523355960845947,0.61376953125,0.18600226938724518,0.34767740964889526,0.54766845703125,2.2416303157806396,3.632567882537842,0.508148193359375,0.29220613837242126,0.4817677438259125,0.58428955078125,0.22438862919807434,0.4373692572116852,,,,,,,,,,,,,,,,0.4999992549419403,0.22376693785190582,0.0,0.0,50.707061767578125,1.0,0.0,0.0003000000142492354,2.919890175689943e-05,0.5,13.883330345153809
169800,,,,,,,,,,,,,,,,,,,,,,,,,,,,,,,0.4999992847442627,0.20391018688678741,0.0,0.0,49.180118560791016,0.0,0.0,0.0003000000142492354,2.919890175689943e-05,0.5,13.88952350616455
170100,,,,,,,,,,,,,,,,,,,,,,,,,,,,,,,0.49999913573265076,0.24123065173625946,0.0,0.0,44.769081115722656,0.0,0.0,0.0003000000142492354,2.919890175689943e-05,0.5,13.89651107788086
170400,,,,,,,,,,,,,,,,,,,,,,,,,,,,,,,0.49999910593032837,0.22577358782291412,0.0,0.0,46.156707763671875,0.0,0.0,0.0003000000142492354,2.919890175689943e-05,0.5,13.903152465820312
170700,,,,,,,,,,,,,,,,,,,,,,,,,,,,,,,0.49999913573265076,0.22822950780391693,0.0,0.0,48.91425704956055,0.0,0.0,0.0003000000142492354,2.919890175689943e-05,0.5,13.908605575561523
171000,0.395263671875,3.1211466789245605,3.940418243408203,0.6188201904296875,0.19046738743782043,0.3591708838939667,0.5489578247070312,2.3009464740753174,3.6897802352905273,0.5113372802734375,0.2944103181362152,0.4740619659423828,0.5781402587890625,0.23142126202583313,0.42402833700180054,,,,,,,,,,,,,,,,0.49999919533729553,0.17575575411319733,0.0,0.0,48.18137741088867,0.0,0.0,0.0003000000142492354,2.919890175689943e-05,0.5,13.917671203613281
171300,,,,,,,,,,,,,,,,,,,,,,,,,,,,,,,0.4999993145465851,0.24165956676006317,0.0,0.0,54.99399185180664,1.0,0.0,0.0003000000142492354,2.773895721475128e-05,0.5,13.924304008483887
171600,,,,,,,,,,,,,,,,,,,,,,,,,,,,,,,0.49999943375587463,0.2153465449810028,0.0,0.0,54.55362319946289,1.0,0.0,0.0003000000142492354,2.6352008717367426e-05,0.5,13.931675910949707
171900,,,,,,,,,,,,,,,,,,,,,,,,,,,,,,,0.4999992549419403,0.19638650119304657,0.0,0.0,50.15190887451172,1.0,0.0,0.0003000000142492354,2.5034409190993756e-05,0.5,13.937299728393555
172200,,,,,,,,,,,,,,,,,,,,,,,,,,,,,,,0.49999919533729553,0.19467325508594513,0.0,0.0,49.29399871826172,0.0,0.0,0.0003000000142492354,2.5034409190993756e-05,0.5,13.944232940673828
172500,0.385498046875,2.929990768432617,4.056270122528076,0.6170196533203125,0.1809743344783783,0.3410969078540802,0.5415420532226562,2.1694297790527344,3.5105412006378174,0.5159912109375,0.2843743860721588,0.48917102813720703,0.5843429565429688,0.21492357552051544,0.4414052367210388,,,,,,,,,,,,,,,,0.4999993145465851,0.20485533773899078,0.0,0.0,44.54281997680664,0.0,0.0,0.0003000000142492354,2.5034409190993756e-05,0.5,13.95098876953125
172800,,,,,,,,,,,,,,,,,,,,,,,,,,,,,,,0.49999937415122986,0.26425400376319885,0.0,0.0,48.81922149658203,0.0,0.0,0.0003000000142492354,2.5034409190993756e-05,0.5,13.956570625305176
173100,,,,,,,,,,,,,,,,,,,,,,,,,,,,,,,0.499999076128006,0.23068419098854065,0.0,0.0,49.06464767456055,0.0,0.0,0.0003000000142492354,2.5034409190993756e-05,0.5,13.963034629821777
173400,,,,,,,,,,,,,,,,,,,,,,,,,,,,,,,0.4999992847442627,0.24533861875534058,0.0,0.0,48.70420455932617,0.0,0.0,0.0003000000142492354,2.5034409190993756e-05,0.5,13.97156047821045
173700,,,,,,,,,,,,,,,,,,,,,,,,,,,,,,,0.49999940395355225,0.2862570285797119,0.0,0.0,47.307865142822266,0.0,0.0,0.0003000000142492354,2.5034409190993756e-05,0.5,13.97681999206543
174000,0.3955078125,3.059965133666992,3.9383482933044434,0.617156982421875,0.190573051571846,0.3569152057170868,0.5570831298828125,2.1781797409057617,3.571535348892212,0.515594482421875,0.2936460077762604,0.48113757371902466,0.5771026611328125,0.22635892033576965,0.4187399744987488,,,,,,,,,,,,,,,,0.49999937415122986,0.25950735807418823,0.0,0.0,44.883907318115234,0.0,0.0,0.0003000000142492354,2.5034409190993756e-05,0.5,13.98415470123291
174300,,,,,,,,,,,,,,,,,,,,,,,,,,,,,,,0.49999934434890747,0.18747040629386902,0.0,0.0,42.583229064941406,0.0,0.0,0.0003000000142492354,2.5034409190993756e-05,0.5,13.989503860473633
174600,,,,,,,,,,,,,,,,,,,,,,,,,,,,,,,0.49999913573265076,0.21100881695747375,0.0,0.0,48.129638671875,0.0,0.0,0.0003000000142492354,2.5034409190993756e-05,0.5,13.997264862060547
174900,,,,,,,,,,,,,,,,,,,,,,,,,,,,,,,0.4999992847442627,0.17281492054462433,0.0,0.0,46.95696258544922,0.0,0.0,0.0003000000142492354,2.5034409190993756e-05,0.5,14.002484321594238
175200,,,,,,,,,,,,,,,,,,,,,,,,,,,,,,,0.49999916553497314,0.19295291602611542,0.0,0.0,50.102054595947266,1.0,0.0,0.0003000000142492354,2.3782688003848307e-05,0.5,14.009243965148926
175500,0.392578125,3.013192892074585,3.931502103805542,0.6157379150390625,0.18884699046611786,0.35009485483169556,0.5548629760742188,2.146172046661377,3.5123438835144043,0.5120849609375,0.29181599617004395,0.4816310703754425,0.5757980346679688,0.2211618274450302,0.4217025637626648,,,,,,,,,,,,,,,,0.4999992549419403,0.21119634807109833,0.0,0.0,42.15616226196289,0.0,0.0,0.0003000000142492354,2.3782688003848307e-05,0.5,14.015769004821777
175800,,,,,,,,,,,,,,,,,,,,,,,,,,,,,,,0.4999992847442627,0.22020426392555237,0.0,0.0,48.06060028076172,0.0,0.0,0.0003000000142492354,2.3782688003848307e-05,0.5,14.0254545211792
176100,,,,,,,,,,,,,,,,,,,,,,,,,,,,,,,0.49999910593032837,0.207394078373909,0.0,0.0,52.1312141418457,1.0,0.0,0.0003000000142492354,2.2593554604100063e-05,0.5,14.031689643859863
176400,,,,,,,,,,,,,,,,,,,,,,,,,,,,,,,0.4999992549419403,0.2677437961101532,0.0,0.0,49.26655197143555,0.0,0.0,0.0003000000142492354,2.2593554604100063e-05,0.5,14.038207054138184
176700,,,,,,,,,,,,,,,,,,,,,,,,,,,,,,,0.4999994933605194,0.18772701919078827,0.0,0.0,39.414649963378906,0.0,0.0,0.0003000000142492354,2.2593554604100063e-05,0.5,14.04394245147705
177000,0.390625,3.16701078414917,4.027981281280518,0.615020751953125,0.18792486190795898,0.35156306624412537,0.558197021484375,2.2193024158477783,3.632969856262207,0.5124359130859375,0.29713669419288635,0.4737529158592224,0.5766677856445312,0.23000508546829224,0.418556809425354,,,,,,,,,,,,,,,,0.4999994933605194,0.23770958185195923,0.0,0.0,53.782958984375,1.0,0.0,0.0003000000142492354,2.146387669199612e-05,0.5,14.050047874450684
177300,,,,,,,,,,,,,,,,,,,,,,,,,,,,,,,0.49999940395355225,0.24770686030387878,0.0,0.0,51.87369918823242,1.0,0.0,0.0003000000142492354,2.0390682038851082e-05,0.5,14.057121276855469
177600,,,,,,,,,,,,,,,,,,,,,,,,,,,,,,,0.4999993145465851,0.20937976241111755,0.0,0.0,42.383872985839844,0.0,0.0,0.0003000000142492354,2.0390682038851082e-05,0.5,14.063253402709961
177900,,,,,,,,,,,,,,,,,,,,,,,,,,,,,,,0.49999943375587463,0.18311753869056702,0.0,0.0,37.58444595336914,0.0,0.0,0.0003000000142492354,2.0390682038851082e-05,0.5,14.069330215454102
178200,,,,,,,,,,,,,,,,,,,,,,,,,,,,,,,0.49999934434890747,0.18877403438091278,0.0,0.0,50.499961853027344,1.0,0.0,0.0003000000142492354,1.9371147573110647e-05,0.5,14.074997901916504
178500,0.39208984375,3.0988049507141113,3.97768497467041,0.6169586181640625,0.184082493185997,0.34962770342826843,0.5625457763671875,2.169560432434082,3.6301429271698,0.510894775390625,0.2957790195941925,0.4707801342010498,0.5805816650390625,0.2253202646970749,0.41589200496673584,,,,,,,,,,,,,,,,0.4999990165233612,0.21827881038188934,0.0,0.0,49.20074462890625,0.0,0.0,0.0003000000142492354,1.9371147573110647e-05,0.5,14.079974174499512
178800,,,,,,,,,,,,,,,,,,,,,,,,,,,,,,,0.49999910593032837,0.22085992991924286,0.0,0.0,51.289886474609375,1.0,0.0,0.0003000000142492354,1.8402590285404585e-05,0.5,14.086241722106934
179100,,,,,,,,,,,,,,,,,,,,,,,,,,,,,,,0.49999916553497314,0.25793617963790894,0.0,0.0,45.23591232299805,0.0,0.0,0.0003000000142492354,1.8402590285404585e-05,0.5,14.094372749328613
179400,,,,,,,,,,,,,,,,,,,,,,,,,,,,,,,0.49999919533729553,0.20264892280101776,0.0,0.0,45.252071380615234,0.0,0.0,0.0003000000142492354,1.8402590285404585e-05,0.5,14.101164817810059
179700,,,,,,,,,,,,,,,,,,,,,,,,,,,,,,,0.499999076128006,0.2116996794939041,0.0,0.0,46.12360763549805,0.0,0.0,0.0003000000142492354,1.8402590285404585e-05,0.5,14.107796669006348
180000,0.39306640625,2.9871535301208496,3.996647357940674,0.6173858642578125,0.1831427663564682,0.3474026024341583,0.5588912963867188,2.1082069873809814,3.5156593322753906,0.5205535888671875,0.2914761006832123,0.47865211963653564,0.5790786743164062,0.21856096386909485,0.41773316264152527,,,,,,,,,,,,,,,,0.49999919533729553,0.19342848658561707,0.0,0.0,44.913944244384766,0.0,0.0,0.0003000000142492354,1.8402590285404585e-05,0.5,14.114829063415527
180300,,,,,,,,,,,,,,,,,,,,,,,,,,,,,,,0.49999964237213135,0.19239476323127747,0.0,0.0,55.83230972290039,1.0,0.0,0.0003000000142492354,1.7482461771578528e-05,0.5,14.122255325317383
180600,,,,,,,,,,,,,,,,,,,,,,,,,,,,,,,0.49999940395355225,0.23677018284797668,0.0,0.0,41.55080032348633,0.0,0.0,0.0003000000142492354,1.7482461771578528e-05,0.5,14.127184867858887
180900,,,,,,,,,,,,,,,,,,,,,,,,,,,,,,,0.4999992847442627,0.25129052996635437,0.0,0.0,44.405357360839844,0.0,0.0,0.0003000000142492354,1.7482461771578528e-05,0.5,14.134157180786133
181200,,,,,,,,,,,,,,,,,,,,,,,,,,,,,,,0.49999934434890747,0.2398003339767456,0.0,0.0,54.6401481628418,1.0,0.0,0.0003000000142492354,1.6608339137746952e-05,0.5,14.140754699707031
181500,0.3974609375,2.9299607276916504,3.9117188453674316,0.6171112060546875,0.18153789639472961,0.3479650318622589,0.5672225952148438,1.959730863571167,3.350881338119507,0.5142974853515625,0.2897876501083374,0.4796455204486847,0.5757293701171875,0.2176872193813324,0.4143366813659668,,,,,,,,,,,,,,,,0.49999919533729553,0.2367468774318695,0.0,0.0,42.53633499145508,0.0,0.0,0.0003000000142492354,1.6608339137746952e-05,0.5,14.147191047668457
181800,,,,,,,,,,,,,,,,,,,,,,,,,,,,,,,0.49999910593032837,0.2043626755475998,0.0,0.0,49.17599868774414,0.0,0.0,0.0003000000142492354,1.6608339137746952e-05,0.5,14.152413368225098
182100,,,,,,,,,,,,,,,,,,,,,,,,,,,,,,,0.499999076128006,0.21926631033420563,0.0,0.0,47.10698699951172,0.0,0.0,0.0003000000142492354,1.6608339137746952e-05,0.5,14.15939998626709
182400,,,,,,,,,,,,,,,,,,,,,,,,,,,,,,,0.4999989867210388,0.23011240363121033,0.0,0.0,50.34674072265625,1.0,0.0,0.0003000000142492354,1.5777921362314373e-05,0.5,14.1686429977417
182700,,,,,,,,,,,,,,,,,,,,,,,,,,,,,,,0.49999919533729553,0.28538358211517334,0.0,0.0,48.40874481201172,0.0,0.0,0.0003000000142492354,1.5777921362314373e-05,0.5,14.174424171447754
183000,0.393310546875,2.758574962615967,3.7606730461120605,0.6154632568359375,0.18115736544132233,0.3416048586368561,0.5555191040039062,1.9818576574325562,3.2605912685394287,0.5123291015625,0.2877134382724762,0.4774795472621918,0.5853729248046875,0.20690195262432098,0.4234763979911804,,,,,,,,,,,,,,,,0.49999910593032837,0.24474792182445526,0.0,0.0,46.424171447753906,0.0,0.0,0.0003000000142492354,1.5777921362314373e-05,0.5,14.181451797485352
183300,,,,,,,,,,,,,,,,,,,,,,,,,,,,,,,0.4999993145465851,0.26260724663734436,0.0,0.0,45.86231231689453,0.0,0.0,0.0003000000142492354,1.5777921362314373e-05,0.5,14.186774253845215
183600,,,,,,,,,,,,,,,,,,,,,,,,,,,,,,,0.49999943375587463,0.18782077729701996,0.0,0.0,50.375999450683594,1.0,0.0,0.0003000000142492354,1.4989025657996535e-05,0.5,14.194050788879395
183900,,,,,,,,,,,,,,,,,,,,,,,,,,,,,,,0.4999992847442627,0.2552478611469269,0.0,0.0,46.5050163269043,0.0,0.0,0.0003000000142492354,1.4989025657996535e-05,0.5,14.198779106140137
184200,,,,,,,,,,,,,,,,,,,,,,,,,,,,,,,0.4999993145465851,0.21080873906612396,0.0,0.0,50.65442657470703,1.0,0.0,0.0003000000142492354,1.4239573829399887e-05,0.5,14.204981803894043
184500,0.391357421875,2.948762893676758,3.988116979598999,0.615203857421875,0.18270106613636017,0.34177619218826294,0.5528793334960938,2.1953816413879395,3.631671667098999,0.5116424560546875,0.2891918122768402,0.47321900725364685,0.583709716796875,0.21223898231983185,0.41511020064353943,,,,,,,,,,,,,,,,0.4999992549419403,0.21912814676761627,0.0,0.0,47.97333908081055,0.0,0.0,0.0003000000142492354,1.4239573829399887e-05,0.5,14.211587905883789
184800,,,,,,,,,,,,,,,,,,,,,,,,,,,,,,,0.49999937415122986,0.17420069873332977,0.0,0.0,55.11075210571289,1.0,0.0,0.0003000000142492354,1.3527595001505688e-05,0.5,14.21866512298584
185100,,,,,,,,,,,,,,,,,,,,,,,,,,,,,,,0.4999995529651642,0.18275976181030273,0.0,0.0,49.80033874511719,0.0,0.0,0.0003000000142492354,1.3527595001505688e-05,0.5,14.223794937133789
185400,,,,,,,,,,,,,,,,,,,,,,,,,,,,,,,0.499999463558197,0.1784314513206482,0.0,0.0,45.60385513305664,0.0,0.0,0.0003000000142492354,1.3527595001505688e-05,0.5,14.229682922363281
185700,,,,,,,,,,,,,,,,,,,,,,,,,,,,,,,0.4999992847442627,0.30032768845558167,0.0,0.0,48.585731506347656,0.0,0.0,0.0003000000142492354,1.3527595001505688e-05,0.5,14.23425006866455
186000,0.381103515625,2.815641164779663,4.043237686157227,0.6093902587890625,0.17333905398845673,0.3207632303237915,0.5618438720703125,1.9646563529968262,3.4176559448242188,0.515411376953125,0.28368717432022095,0.48190203309059143,0.5818328857421875,0.20701563358306885,0.422964483499527,,,,,,,,,,,,,,,,0.4999992549419403,0.22610220313072205,0.0,0.0,48.96331787109375,0.0,0.0,0.0003000000142492354,1.3527595001505688e-05,0.5,14.242232322692871
186300,,,,,,,,,,,,,,,,,,,,,,,,,,,,,,,0.4999992847442627,0.19323310256004333,0.0,0.0,44.78437805175781,0.0,0.0,0.0003000000142492354,1.3527595001505688e-05,0.5,14.246976852416992
186600,,,,,,,,,,,,,,,,,,,,,,,,,,,,,,,0.4999992847442627,0.25944235920906067,0.0,0.0,51.48158264160156,1.0,0.0,0.0003000000142492354,1.2851215615228284e-05,0.5,14.252816200256348
186900,,,,,,,,,,,,,,,,,,,,,,,,,,,,,,,0.4999995231628418,0.1617327779531479,0.0,0.0,48.35404968261719,0.0,0.0,0.0003000000142492354,1.2851215615228284e-05,0.5,14.257209777832031
187200,,,,,,,,,,,,,,,,,,,,,,,,,,,,,,,0.49999937415122986,0.21205994486808777,0.0,0.0,51.84233093261719,1.0,0.0,0.0003000000142492354,1.2208654879941605e-05,0.5,14.263175964355469
187500,0.389404296875,3.1821129322052,3.9516382217407227,0.6157379150390625,0.18407872319221497,0.3513874113559723,0.5660552978515625,2.151744842529297,3.5792977809906006,0.5037689208984375,0.29317525029182434,0.4620603024959564,0.5774307250976562,0.22329264879226685,0.40667247772216797,,,,,,,,,,,,,,,,0.49999913573265076,0.23266081511974335,0.0,0.0,44.661338806152344,0.0,0.0,0.0003000000142492354,1.2208654879941605e-05,0.5,14.269396781921387
187800,,,,,,,,,,,,,,,,,,,,,,,,,,,,,,,0.49999934434890747,0.234114408493042,0.0,0.0,44.40854263305664,0.0,0.0,0.0003000000142492354,1.2208654879941605e-05,0.5,14.275620460510254
188100,,,,,,,,,,,,,,,,,,,,,,,,,,,,,,,0.49999919533729553,0.25527092814445496,0.0,0.0,44.863792419433594,0.0,0.0,0.0003000000142492354,1.2208654879941605e-05,0.5,14.282371520996094
188400,,,,,,,,,,,,,,,,,,,,,,,,,,,,,,,0.499999076128006,0.22954197227954865,0.0,0.0,52.0193977355957,1.0,0.0,0.0003000000142492354,1.1598222044995055e-05,0.5,14.288836479187012
188700,,,,,,,,,,,,,,,,,,,,,,,,,,,,,,,0.4999992251396179,0.2356068640947342,0.0,0.0,44.44854736328125,0.0,0.0,0.0003000000142492354,1.1598222044995055e-05,0.5,14.294719696044922
189000,0.3935546875,3.015378952026367,3.9228498935699463,0.6185455322265625,0.18269845843315125,0.3478206992149353,0.5634307861328125,2.1176414489746094,3.541731595993042,0.51361083984375,0.29463377594947815,0.47138673067092896,0.5771408081054688,0.21796534955501556,0.4044601321220398,,,,,,,,,,,,,,,,0.4999993145465851,0.21770307421684265,0.0,0.0,45.8869743347168,0.0,0.0,0.0003000000142492354,1.1598222044995055e-05,0.5,14.299104690551758
189300,,,,,,,,,,,,,,,,,,,,,,,,,,,,,,,0.49999913573265076,0.22815345227718353,0.0,0.0,46.82836151123047,0.0,0.0,0.0003000000142492354,1.1598222044995055e-05,0.5,14.30417251586914
189600,,,,,,,,,,,,,,,,,,,,,,,,,,,,,,,0.49999934434890747,0.19335119426250458,0.0,0.0,54.0927734375,1.0,0.0,0.0003000000142492354,1.1018310942745302e-05,0.5,14.309398651123047
189900,,,,,,,,,,,,,,,,,,,,,,,,,,,,,,,0.49999940395355225,0.281043142080307,0.0,0.0,41.08775329589844,0.0,0.0,0.0003000000142492354,1.1018310942745302e-05,0.5,14.317939758300781
190200,,,,,,,,,,,,,,,,,,,,,,,,,,,,,,,0.4999994933605194,0.2216448336839676,0.0,0.0,46.06298828125,0.0,0.0,0.0003000000142492354,1.1018310942745302e-05,0.5,14.32394790649414
190500,0.387451171875,2.7482168674468994,3.9593002796173096,0.6122894287109375,0.17135712504386902,0.3153124749660492,0.55877685546875,2.0468273162841797,3.5201492309570312,0.5145416259765625,0.2828739881515503,0.48325014114379883,0.5883560180664062,0.1983509659767151,0.41642552614212036,,,,,,,,,,,,,,,,0.49999919533729553,0.17981915175914764,0.0,0.0,46.500823974609375,0.0,0.0,0.0003000000142492354,1.1018310942745302e-05,0.5,14.329392433166504
190800,,,,,,,,,,,,,,,,,,,,,,,,,,,,,,,0.4999992847442627,0.23540307581424713,0.0,0.0,43.55445098876953,0.0,0.0,0.0003000000142492354,1.1018310942745302e-05,0.5,14.33668327331543
191100,,,,,,,,,,,,,,,,,,,,,,,,,,,,,,,0.49999934434890747,0.17853832244873047,0.0,0.0,50.3452033996582,1.0,0.0,0.0003000000142492354,1.0467395441082772e-05,0.5,14.344096183776855
191400,,,,,,,,,,,,,,,,,,,,,,,,,,,,,,,0.49999940395355225,0.1950436234474182,0.0,0.0,51.0865364074707,1.0,0.0,0.0003000000142492354,9.944025805452839e-06,0.5,14.35061264038086
191700,,,,,,,,,,,,,,,,,,,,,,,,,,,,,,,0.4999992549419403,0.23265615105628967,0.0,0.0,49.29733657836914,0.0,0.0,0.0003000000142492354,9.944025805452839e-06,0.5,14.355738639831543
192000,0.385498046875,2.919680595397949,3.963665008544922,0.610687255859375,0.17935626208782196,0.33052268624305725,0.5585098266601562,2.114687204360962,3.5942606925964355,0.5153350830078125,0.2860954701900482,0.4716980457305908,0.5802688598632812,0.21053022146224976,0.40972965955734253,,,,,,,,,,,,,,,,0.4999992251396179,0.21753059327602386,0.0,0.0,50.995174407958984,1.0,0.0,0.0003000000142492354,9.446824151382316e-06,0.5,14.361308097839355
192300,,,,,,,,,,,,,,,,,,,,,,,,,,,,,,,0.49999916553497314,0.19853265583515167,0.0,0.0,49.13582229614258,0.0,0.0,0.0003000000142492354,9.446824151382316e-06,0.5,14.367249488830566
192600,,,,,,,,,,,,,,,,,,,,,,,,,,,,,,,0.49999943375587463,0.2481972575187683,0.0,0.0,41.304405212402344,0.0,0.0,0.0003000000142492354,9.446824151382316e-06,0.5,14.374855041503906
192900,,,,,,,,,,,,,,,,,,,,,,,,,,,,,,,0.49999934434890747,0.2501460611820221,0.0,0.0,46.67387390136719,0.0,0.0,0.0003000000142492354,9.446824151382316e-06,0.5,14.380158424377441
193200,,,,,,,,,,,,,,,,,,,,,,,,,,,,,,,0.49999919533729553,0.23550444841384888,0.0,0.0,51.50031280517578,1.0,0.0,0.0003000000142492354,8.974483534984756e-06,0.5,14.38668441772461
193500,0.3955078125,2.8188395500183105,3.870591640472412,0.6117401123046875,0.1734146922826767,0.3259132504463196,0.5709228515625,1.945404052734375,3.3916513919830322,0.5137939453125,0.2855168581008911,0.471998929977417,0.5827484130859375,0.20613040030002594,0.40752920508384705,,,,,,,,,,,,,,,,0.49999940395355225,0.19488756358623505,0.0,0.0,47.96273422241211,0.0,0.0,0.0003000000142492354,8.974483534984756e-06,0.5,14.390423774719238
193800,,,,,,,,,,,,,,,,,,,,,,,,,,,,,,,0.49999913573265076,0.223346546292305,0.0,0.0,48.72837448120117,0.0,0.0,0.0003000000142492354,8.974483534984756e-06,0.5,14.397150039672852
194100,,,,,,,,,,,,,,,,,,,,,,,,,,,,,,,0.49999919533729553,0.22716644406318665,0.0,0.0,48.047489166259766,0.0,0.0,0.0003000000142492354,8.974483534984756e-06,0.5,14.404586791992188
194400,,,,,,,,,,,,,,,,,,,,,,,,,,,,,,,0.4999993145465851,0.2090611606836319,0.0,0.0,48.90265655517578,0.0,0.0,0.0003000000142492354,8.974483534984756e-06,0.5,14.410462379455566
194700,,,,,,,,,,,,,,,,,,,,,,,,,,,,,,,0.49999916553497314,0.2367997169494629,0.0,0.0,50.75310516357422,1.0,0.0,0.0003000000142492354,8.525758858013432e-06,0.5,14.416152954101562
195000,0.388671875,3.0832300186157227,3.902297019958496,0.615386962890625,0.18484976887702942,0.3438348174095154,0.5597381591796875,2.2333271503448486,3.6681885719299316,0.5111236572265625,0.29202505946159363,0.4613235294818878,0.579559326171875,0.2186150848865509,0.40293410420417786,,,,,,,,,,,,,,,,0.4999992251396179,0.23224513232707977,0.0,0.0,47.05608367919922,0.0,0.0,0.0003000000142492354,8.525758858013432e-06,0.5,14.42171573638916
195300,,,,,,,,,,,,,,,,,,,,,,,,,,,,,,,0.49999916553497314,0.24304145574569702,0.0,0.0,50.18265914916992,1.0,0.0,0.0003000000142492354,8.099471415334847e-06,0.5,14.42898941040039
195600,,,,,,,,,,,,,,,,,,,,,,,,,,,,,,,0.49999913573265076,0.19773945212364197,0.0,0.0,46.09697341918945,0.0,0.0,0.0003000000142492354,8.099471415334847e-06,0.5,14.438705444335938
195900,,,,,,,,,,,,,,,,,,,,,,,,,,,,,,,0.49999916553497314,0.2053431272506714,0.0,0.0,48.262229919433594,0.0,0.0,0.0003000000142492354,8.099471415334847e-06,0.5,14.447623252868652
196200,,,,,,,,,,,,,,,,,,,,,,,,,,,,,,,0.49999940395355225,0.23144808411598206,0.0,0.0,42.158390045166016,0.0,0.0,0.0003000000142492354,8.099471415334847e-06,0.5,14.453082084655762
196500,0.390869140625,3.007556200027466,3.7546868324279785,0.613677978515625,0.1855626404285431,0.3437201976776123,0.5645904541015625,2.16656756401062,3.589069366455078,0.5091094970703125,0.2937440872192383,0.4649399518966675,0.5781173706054688,0.21721267700195312,0.3986448347568512,,,,,,,,,,,,,,,,0.4999995529651642,0.2595430612564087,0.0,0.0,50.71636199951172,1.0,0.0,0.0003000000142492354,7.69449798099231e-06,0.5,14.458697319030762
196800,,,,,,,,,,,,,,,,,,,,,,,,,,,,,,,0.49999940395355225,0.16206681728363037,0.0,0.0,43.613346099853516,0.0,0.0,0.0003000000142492354,7.69449798099231e-06,0.5,14.464262962341309
