step,Activations/actor/compressor.2/dead_ratio,Activations/actor/compressor.2/mean,Activations/actor/compressor.2/std,Activations/actor/decoder.2/dead_ratio,Activations/actor/decoder.2/mean,Activations/actor/decoder.2/std,Activations/actor/decompressor.1/dead_ratio,Activations/actor/decompressor.1/mean,Activations/actor/decompressor.1/std,Activations/actor/encoder.2/dead_ratio,Activations/actor/encoder.2/mean,Activations/actor/encoder.2/std,Activations/actor/encoder.6/dead_ratio,Activations/actor/encoder.6/mean,Activations/actor/encoder.6/std,Episode/action_mean,Episode/action_std,Episode/actor_loss,Episode/best_reward,Episode/critic_loss,Episode/dpdx_max,Episode/dpdx_mean,Episode/dpdx_min,Episode/noise_scale,Episode/q_value,Episode/reward,Episode/spatial_loss,Episode/steps,Episode/temporal_loss,Episode/zero_loss,Gradients/Actor/global_norm,Gradients/Actor/gnn_grad_norm,Gradients/Actor/is_exploding,Gradients/Actor/is_vanishing,Gradients/Critic/global_norm,Gradients/Critic/is_exploding,Gradients/Critic/is_vanishing,Training/actor_lr,Training/critic_lr,Training/gradient_clip,Weights/Actor/gnn_weight_norm
1,,,,,,,,,,,,,,,,-0.05152713879942894,0.3230482339859009,4.481822490692139,-74525.6796875,2474932.75,-0.005369322840124369,-0.013810536824166775,-11.834813117980957,0.09942600876092911,-4.370723724365234,-74525.6796875,0.03063955344259739,1801.0,0.09078030288219452,0.02262389101088047,,,,,,,,,,,
2,,,,,,,,,,,,,,,,-0.048218488693237305,0.23224301636219025,15.61929702758789,-14337.8076171875,1574777.0,-0.004705057479441166,-0.006291230674833059,-0.008350790478289127,0.09885530918836594,-15.56391716003418,-14337.8076171875,0.010405906476080418,1801.0,0.03830811008810997,0.015875106677412987,,,,,,,,,,,
3,,,,,,,,,,,,,,,,-0.0500062070786953,0.23100546002388,30.576730728149414,,674881.75,-0.00508031714707613,-0.006389287766069174,-0.008259539492428303,0.09828788787126541,-30.56321144104004,-15122.6982421875,0.008054228499531746,1801.0,0.029110107570886612,0.014273766428232193,,,,,,,,,,,
4,,,,,,,,,,,,,,,,-0.04646938294172287,0.21987226605415344,49.11471939086914,-13772.2763671875,674876.4375,-0.004815713968127966,-0.00622057868167758,-0.007755496073514223,0.09772372245788574,-49.10923385620117,-13772.2763671875,0.006942626554518938,1801.0,0.02467949315905571,0.013598515652120113,,,,,,,,,,,
5,,,,,,,,,,,,,,,,-0.046080976724624634,0.20988333225250244,70.74162292480469,-13678.8115234375,674792.0,-0.004561625421047211,-0.006208902224898338,-0.00822333712130785,0.09716279804706573,-70.70999908447266,-13678.8115234375,0.006310991942882538,1801.0,0.022886008024215698,0.012996014207601547,,,,,,,,,,,
6,,,,,,,,,,,,,,,,-0.046269193291664124,0.2066698521375656,94.13249969482422,,224993.65625,-0.004508281126618385,-0.0063024559058249,-0.008128007873892784,0.096605084836483,-94.12661743164062,-14427.6591796875,0.005785008892416954,1801.0,0.02087423764169216,0.012407978065311909,,,,,,,,,,,
7,,,,,,,,,,,,,,,,-0.04601619020104408,0.20933084189891815,117.7179183959961,-12824.3681640625,57.22346496582031,-0.0046907453797757626,-0.006102155894041061,-0.007891272194683552,0.09605058282613754,-117.63040924072266,-12824.3681640625,0.005410508718341589,1801.0,0.019324161112308502,0.012023860588669777,,,,,,,,,,,
8,,,,,,,,,,,,,,,,-0.047010865062475204,0.20174776017665863,140.25584411621094,,224941.9375,-0.004555856343358755,-0.006367960013449192,-0.008302672766149044,0.09549926221370697,-140.23440551757812,-14951.9833984375,0.005168803036212921,1801.0,0.018582791090011597,0.01179578062146902,,,,,,,,,,,
9,,,,,,,,,,,,,,,,-0.045491497963666916,0.20120038092136383,162.56973266601562,,89.32218933105469,-0.004714081529527903,-0.006186600308865309,-0.008206095546483994,0.0949511006474495,-162.5186767578125,-13500.2978515625,0.004947288893163204,1801.0,0.01787703111767769,0.011531720869243145,,,,,,,,,,,
10,,,,,,,,,,,,,,,,-0.0464814119040966,0.19439692795276642,183.9388427734375,,113.82238006591797,-0.004874314647167921,-0.006429537199437618,-0.008120710961520672,0.09440609067678452,-183.82456970214844,-15444.8740234375,0.0047553046606481075,1801.0,0.01727057807147503,0.011209170334041119,,,,,,,,,,,
11,,,,,,,,,,,,,,,,-0.046061135828495026,0.19354702532291412,205.1793212890625,-12535.6298828125,140.58926391601562,-0.004613684490323067,-0.006066083442419767,-0.00784391351044178,0.09386420249938965,-205.16253662109375,-12535.6298828125,0.004554156679660082,1801.0,0.017168138176202774,0.011006318964064121,,,,,,,,,,,
12,,,,,,,,,,,,,,,,-0.043460164219141006,0.1929582953453064,225.17279052734375,-11794.7783203125,143.13577270507812,-0.004317346028983593,-0.005973528604954481,-0.007770167198032141,0.0933254286646843,-225.05230712890625,-11794.7783203125,0.004450005479156971,1801.0,0.01688763126730919,0.010653682053089142,,,,,,,,,,,
13,,,,,,,,,,,,,,,,-0.04281984642148018,0.19249972701072693,244.29620361328125,-10058.091796875,189.09579467773438,-0.003992266952991486,-0.0057565635070204735,-0.0075613162480294704,0.09278974682092667,-244.42916870117188,-10058.091796875,0.004269697237759829,1801.0,0.01628779247403145,0.01054879929870367,,,,,,,,,,,
14,,,,,,,,,,,,,,,,-0.04254679009318352,0.1862492561340332,262.55072021484375,-9507.380859375,212.8559112548828,-0.004263510927557945,-0.005687762517482042,-0.007280219346284866,0.09225714206695557,-262.5481262207031,-9507.380859375,0.004105289466679096,1801.0,0.01634199731051922,0.010275018401443958,,,,,,,,,,,
15,,,,,,,,,,,,,,,,-0.042585596442222595,0.18984726071357727,279.21478271484375,,255.33213806152344,-0.004614378325641155,-0.006150077562779188,-0.008401818573474884,0.0917275920510292,-279.3260498046875,-13207.953125,0.0040730866603553295,1801.0,0.01565001718699932,0.010134988464415073,,,,,,,,,,,
16,,,,,,,,,,,,,,,,-0.043229520320892334,0.1886097937822342,296.2495422363281,,225261.109375,-0.004625909961760044,-0.006076352670788765,-0.007793122436851263,0.09120108187198639,-296.4005126953125,-12617.8271484375,0.004021990112960339,1801.0,0.015345214866101742,0.010064784437417984,,,,,,,,,,,
17,,,,,,,,,,,,,,,,-0.04367130249738693,0.1837247908115387,312.8417663574219,,225281.09375,-0.004600743297487497,-0.006067192647606134,-0.007376164197921753,0.09067759662866592,-312.691650390625,-12544.5048828125,0.0039243497885763645,1801.0,0.014712169766426086,0.00985607597976923,,,,,,,,,,,
18,,,,,,,,,,,,,,,,-0.042431123554706573,0.1827670782804489,328.2774963378906,,311.537109375,-0.004503866191953421,-0.005739657208323479,-0.007012678775936365,0.09015711396932602,-328.2874755859375,-9922.767578125,0.0038360622711479664,1801.0,0.014564008451998234,0.00971426535397768,,,,,,,,,,,
19,,,,,,,,,,,,,,,,-0.041436854749917984,0.18202903866767883,343.4595642089844,,312.74102783203125,-0.004677817225456238,-0.005777196492999792,-0.007106113247573376,0.08963961899280548,-343.3695983886719,-10223.2490234375,0.0037428506184369326,1801.0,0.014536707662045956,0.009614537470042706,,,,,,,,,,,
20,,,,,,,,,,,,,,,,-0.042840488255023956,0.1834840029478073,358.8219909667969,,360.5799560546875,-0.004376829136162996,-0.00575336255133152,-0.007947809994220734,0.08912509679794312,-358.71588134765625,-10032.470703125,0.003688761265948415,1801.0,0.01536771934479475,0.00927856843918562,,,,,,,,,,,
21,,,,,,,,,,,,,,,,-0.0280515868216753,0.17313991487026215,373.895263671875,-9311.8330078125,371.0853271484375,-0.004233835265040398,-0.005663332995027304,-0.0070130289532244205,0.08861352503299713,-373.8388671875,-9311.8330078125,0.0033764939289540052,1801.0,0.021169554442167282,0.008214319124817848,,,,,,,,,,,
22,,,,,,,,,,,,,,,,-0.033287253230810165,0.1745837926864624,387.9742126464844,,435.6588439941406,-0.004097826313227415,-0.00591589929535985,-0.007470233365893364,0.08810488879680634,-388.0455627441406,-11333.48828125,0.0032995620276778936,1801.0,0.019171610474586487,0.008509058505296707,,,,,,,,,,,
23,,,,,,,,,,,,,,,,-0.028532732278108597,0.1732470840215683,400.7383728027344,-8221.4501953125,225643.078125,-0.0036037180107086897,-0.005527110770344734,-0.0075488886795938015,0.08759917318820953,-400.6965637207031,-8221.4501953125,0.003258143085986376,1801.0,0.017860617488622665,0.008371532894670963,,,,,,,,,,,
24,,,,,,,,,,,,,,,,-0.039230939000844955,0.17142672836780548,412.9093933105469,,225653.640625,-0.0040005967020988464,-0.005708308890461922,-0.006945619825273752,0.08709635585546494,-413.039306640625,-9671.8408203125,0.0033266255632042885,1801.0,0.015101245604455471,0.008384224027395248,,,,,,,,,,,
25,,,,,,,,,,,,,,,,-0.0407857820391655,0.17549853026866913,425.38092041015625,,553.4957885742188,-0.004509458318352699,-0.005623181816190481,-0.007654956541955471,0.08659642934799194,-425.07244873046875,-8990.447265625,0.003353640902787447,1801.0,0.014043079689145088,0.008481972850859165,,,,,,,,,,,
26,,,,,,,,,,,,,,,,-0.03897743299603462,0.17518001794815063,436.593994140625,,225325.78125,-0.004786081146448851,-0.0058562979102134705,-0.00825420767068863,0.08609937876462936,-436.7317199707031,-10856.41015625,0.0032700099982321262,1801.0,0.014225953258574009,0.008573703467845917,,,,,,,,,,,
27,,,,,,,,,,,,,,,,-0.0342620350420475,0.16963031888008118,447.9939880371094,,521.2551879882812,-0.004579668398946524,-0.006126886233687401,-0.007769852876663208,0.08560517430305481,-447.9986267089844,-13022.322265625,0.003172687254846096,1801.0,0.015066600404679775,0.008534644730389118,,,,,,,,,,,
28,,,,,,,,,,,,,,,,-0.0386836938560009,0.17355406284332275,459.2081298828125,,597.8317260742188,-0.004151905886828899,-0.0057672481052577496,-0.008592620491981506,0.08511380106210709,-459.2953796386719,-10143.6181640625,0.0031415587291121483,1801.0,0.014763712882995605,0.008756453171372414,,,,,,,,,,,
29,,,,,,,,,,,,,,,,-0.03607704117894173,0.17317599058151245,470.12567138671875,,679.4801025390625,-0.004300741478800774,-0.005628232844173908,-0.007711289916187525,0.0846252590417862,-469.9862060546875,-9030.87890625,0.0031198724173009396,1801.0,0.01498753298074007,0.009083963930606842,,,,,,,,,,,
30,,,,,,,,,,,,,,,,-0.03941778093576431,0.16970592737197876,480.9056091308594,,738.83251953125,-0.004742675460875034,-0.005917362403124571,-0.007647558115422726,0.08413951098918915,-481.064208984375,-11345.19921875,0.0030547205824404955,1801.0,0.013776052743196487,0.008647194132208824,,,,,,,,,,,
31,,,,,,,,,,,,,,,,-0.03304259851574898,0.16928140819072723,491.8477478027344,,225535.203125,-0.004350096918642521,-0.0058083198964595795,-0.007798964157700539,0.08365655690431595,-491.8104553222656,-10472.375,0.003044805256649852,1801.0,0.015757134184241295,0.00851336121559143,,,,,,,,,,,
32,,,,,,,,,,,,,,,,-0.031026329845190048,0.16485343873500824,502.0045471191406,,726.759033203125,-0.0046335626393556595,-0.005960435606539249,-0.007691959384828806,0.0831763744354248,-502.0113830566406,-11689.9775390625,0.0029738899320364,1801.0,0.01560911163687706,0.008711745962500572,,,,,,,,,,,
33,,,,,,,,,,,,,,,,-0.028982942923903465,0.16819541156291962,512.4934692382812,,807.0061645507812,-0.004746436141431332,-0.005794155411422253,-0.00677370373159647,0.08269894868135452,-512.9227294921875,-10358.9951171875,0.0029212171211838722,1801.0,0.016027262434363365,0.009012341499328613,,,,,,,,,,,
34,,,,,,,,,,,,,,,,-0.0305496733635664,0.1678934544324875,522.3358764648438,,755.709716796875,-0.00396562647074461,-0.005700722802430391,-0.007662755902856588,0.08222426474094391,-522.7850341796875,-9611.119140625,0.0030058701522648335,1801.0,0.015448329038918018,0.00864292774349451,,,,,,,,,,,
35,,,,,,,,,,,,,,,,-0.03145724907517433,0.16588254272937775,531.7723999023438,,773.323974609375,-0.004804759286344051,-0.006198130548000336,-0.008425365202128887,0.08175230026245117,-531.77392578125,-13592.591796875,0.0029051238670945168,1801.0,0.016147492453455925,0.00903596542775631,,,,,,,,,,,
36,,,,,,,,,,,,,,,,-0.021087290719151497,0.16488023102283478,541.1432495117188,,225787.171875,-0.004529609344899654,-0.005648429039865732,-0.007322431541979313,0.08128305524587631,-541.1605224609375,-9192.537109375,0.0028545442037284374,1801.0,0.01718474179506302,0.008891390636563301,,,,,,,,,,,
37,,,,,,,,,,,,,,,,0.010331369005143642,0.1622377187013626,550.9932861328125,,824.716552734375,-0.004195256624370813,-0.005858180113136768,-0.008079633116722107,0.08081649243831635,-551.2774658203125,-10871.4755859375,0.0026314996648579836,1801.0,0.02787303738296032,0.01030904520303011,,,,,,,,,,,
38,,,,,,,,,,,,,,,,0.04310610517859459,0.1397508680820465,559.7042846679688,-5700.95166015625,226092.671875,-0.003310905070975423,-0.005212223157286644,-0.007325427141040564,0.08035261183977127,-559.8043823242188,-5700.95166015625,0.0020839227363467216,1801.0,0.03944260999560356,0.00958790723234415,,,,,,,,,,,
39,,,,,,,,,,,,,,,,0.05452103540301323,0.11451675742864609,567.78955078125,299.9531555175781,825.5814819335938,-0.003091821214184165,-0.004462526645511389,-0.0055238003842532635,0.0798913910984993,-568.4230346679688,299.9531555175781,0.002464716089889407,1801.0,0.04002891108393669,0.006142908241599798,,,,,,,,,,,
40,,,,,,,,,,,,,,,,-0.007073324639350176,0.13311262428760529,566.5399169921875,,225668.28125,-0.0033874567598104477,-0.004725753795355558,-0.006714384071528912,0.07943282276391983,-571.0805053710938,-1807.033935546875,0.003727479837834835,1801.0,0.04347855597734451,0.009600919671356678,,,,,,,,,,,
41,,,,,,,,,,,,,,,,-0.011533736251294613,0.14048807322978973,557.3011474609375,,819.0567016601562,-0.003968940582126379,-0.005222373642027378,-0.0066562918946146965,0.07897688448429108,-563.6573486328125,-5782.2001953125,0.003472816664725542,1801.0,0.041497852653265,0.008174516260623932,,,,,,,,,,,
42,,,,,,,,,,,,,,,,-0.014144540764391422,0.13144418597221375,549.423583984375,,827.6322021484375,-0.003388582495972514,-0.00478817243129015,-0.0058488608337938786,0.07852356135845184,-554.3357543945312,-2306.6591796875,0.006449806038290262,1801.0,0.03998841717839241,0.002524283714592457,,,,,,,,,,,
43,,,,,,,,,,,,,,,,-0.012532515451312065,0.12203263491392136,538.6615600585938,,917.2068481445312,-0.003572844434529543,-0.004737996496260166,-0.005891599226742983,0.07807284593582153,-544.9924926757812,-1905.031494140625,0.00838495884090662,1801.0,0.03790218383073807,0.00225117732770741,,,,,,,,,,,
44,,,,,,,,,,,,,,,,-0.016932278871536255,0.12815479934215546,523.0479736328125,,743.7487182617188,-0.003859724849462509,-0.004721530247479677,-0.005986448843032122,0.07762470841407776,-530.6928100585938,-1773.2266845703125,0.014195000752806664,1801.0,0.03808629512786865,0.0023709519300609827,,,,,,,,,,,
45,,,,,,,,,,,,,,,,-0.01842608116567135,0.12710842490196228,509.56524658203125,,711.9429931640625,-0.0036668621469289064,-0.004818186163902283,-0.006158750504255295,0.07717914879322052,-516.1114501953125,-2546.904296875,0.01673942245543003,1801.0,0.03682282939553261,0.002205740660429001,,,,,,,,,,,
46,,,,,,,,,,,,,,,,-0.014886496588587761,0.13124023377895355,494.810302734375,,642.5595092773438,-0.0038577376399189234,-0.0046509262174367905,-0.005783547181636095,0.07673615217208862,-502.4315490722656,-1208.07861328125,0.020592505112290382,1801.0,0.03830673173069954,0.001826795982196927,,,,,,,,,,,
47,,,,,,,,,,,,,,,,-0.02254144847393036,0.1288251429796219,482.8387451171875,,225373.28125,-0.003577249124646187,-0.004984346684068441,-0.006392000243067741,0.07629568874835968,-489.2955017089844,-3876.924560546875,0.020609339699149132,1801.0,0.03700121492147446,0.002278674626722932,,,,,,,,,,,
48,,,,,,,,,,,,,,,,-0.03468353673815727,0.13246524333953857,472.359375,,225894.125,-0.003819663543254137,-0.0049295793287456036,-0.006553297862410545,0.07585775852203369,-478.5128173828125,-3438.5439453125,0.027484124526381493,1801.0,0.038162440061569214,0.003082397161051631,,,,,,,,,,,
49,,,,,,,,,,,,,,,,-0.03835611790418625,0.13221994042396545,463.4433288574219,,618.2418823242188,-0.0034597248304635286,-0.005020244978368282,-0.006267928518354893,0.07542233914136887,-469.4369201660156,-4164.27294921875,0.028249716386198997,1801.0,0.03840294107794762,0.0033582381438463926,,,,,,,,,,,
50,,,,,,,,,,,,,,,,-0.038851477205753326,0.13842295110225677,457.5607604980469,,522.0194091796875,-0.004330803640186787,-0.005153144244104624,-0.006128803361207247,0.0749894231557846,-462.4255676269531,-5228.05517578125,0.03484608232975006,1801.0,0.04004482179880142,0.003633231855928898,,,,,,,,,,,
51,,,,,,,,,,,,,,,,-0.03943950682878494,0.1430361568927765,453.2353515625,,515.4590454101562,-0.0039229001849889755,-0.004946647211909294,-0.006150676403194666,0.07455898821353912,-457.9488220214844,-3575.163818359375,0.039216719567775726,1801.0,0.039879921823740005,0.0037698354572057724,,,,,,,,,,,
52,,,,,,,,,,,,,,,,-0.038864314556121826,0.14200811088085175,449.13885498046875,,510.98712158203125,-0.0039801946841180325,-0.0051249610260128975,-0.006773476488888264,0.07413102686405182,-453.89599609375,-5002.46630859375,0.03929239138960838,1801.0,0.03834368661046028,0.0036804017145186663,,,,,,,,,,,
53,,,,,,,,,,,,,,,,-0.02953692153096199,0.14868943393230438,446.29290771484375,,510.3988037109375,-0.003729474963620305,-0.005190324503928423,-0.007051346357911825,0.0737055167555809,-450.41998291015625,-5525.66357421875,0.04542562738060951,1801.0,0.03884270414710045,0.0037137374747544527,,,,,,,,,,,
54,,,,,,,,,,,,,,,,-0.027140270918607712,0.1503959745168686,444.22003173828125,,474.7153015136719,-0.004120279103517532,-0.005424182396382093,-0.00686789583414793,0.07328245043754578,-448.3619689941406,-7397.56640625,0.046177029609680176,1801.0,0.038361117243766785,0.003862943733111024,,,,,,,,,,,
55,,,,,,,,,,,,,,,,-0.02608698233962059,0.15050554275512695,442.5575866699219,,544.0540161132812,-0.003781998995691538,-0.005173888523131609,-0.007183960173279047,0.07286182045936584,-446.4571533203125,-5394.10302734375,0.0460737980902195,1801.0,0.03793478012084961,0.003947185818105936,,,,,,,,,,,
56,,,,,,,,,,,,,,,,-0.03007335774600506,0.15225981175899506,441.7547607421875,,513.0078125,-0.003894878551363945,-0.005176755599677563,-0.006608627270907164,0.07244359701871872,-445.06793212890625,-5417.05078125,0.04469309374690056,1801.0,0.03851933777332306,0.004245734307914972,,,,,,,,,,,
57,,,,,,,,,,,,,,,,-0.035504065454006195,0.15053783357143402,440.7486267089844,,545.7686157226562,-0.0036944046150892973,-0.0051019079983234406,-0.006659046281129122,0.0720277726650238,-444.51324462890625,-4817.9404296875,0.037677016109228134,1801.0,0.03833134099841118,0.004428497515618801,,,,,,,,,,,
58,,,,,,,,,,,,,,,,-0.03878283500671387,0.15097378194332123,440.2611389160156,,546.916748046875,-0.003752062562853098,-0.005171753466129303,-0.006649401504546404,0.0716143399477005,-443.8149719238281,-5377.01171875,0.038449451327323914,1801.0,0.038379356265068054,0.004602697677910328,,,,,,,,,,,
59,,,,,,,,,,,,,,,,-0.03859681263566017,0.15150533616542816,440.2789306640625,,473.9543151855469,-0.00390635896474123,-0.005051909945905209,-0.006063922308385372,0.07120327651500702,-442.96160888671875,-4417.73193359375,0.038814038038253784,1801.0,0.03760663792490959,0.004619718529284,,,,,,,,,,,
60,,,,,,,,,,,,,,,,-0.039753060787916183,0.1515321284532547,439.80645751953125,,516.8985595703125,-0.003583007026463747,-0.004948200657963753,-0.006604025140404701,0.07079457491636276,-442.92755126953125,-3587.59912109375,0.039014510810375214,1801.0,0.03744491562247276,0.004638261161744595,,,,,,,,,,,
300,,,,,,,,,,,,,,,,,,,,,,,,,,,,,,,0.0872659981250763,0.010862045921385288,0.0,0.0,8.511068344116211,0.0,0.0,0.0010000000474974513,0.0003000000142492354,1.0,7.755062103271484
600,,,,,,,,,,,,,,,,,,,,,,,,,,,,,,,0.045979782938957214,0.006383966654539108,0.0,0.0,9.013973236083984,0.0,0.0,0.0010000000474974513,0.0003000000142492354,1.0,7.582930088043213
900,,,,,,,,,,,,,,,,,,,,,,,,,,,,,,,0.06835314631462097,0.008624719455838203,0.0,0.0,9.602363586425781,0.0,0.0,0.0010000000474974513,0.0003000000142492354,1.0,7.399415493011475
1200,,,,,,,,,,,,,,,,,,,,,,,,,,,,,,,0.07554486393928528,0.01111209113150835,0.0,0.0,9.999682426452637,0.0,0.0,0.0010000000474974513,0.0003000000142492354,1.0,7.2411580085754395
1500,0.757568359375,0.808575451374054,2.4977774620056152,0.44036865234375,0.24327026307582855,0.4958628714084625,0.54241943359375,0.6901111006736755,1.7511149644851685,0.5101318359375,0.3824787139892578,0.6101084351539612,0.5300064086914062,0.37165892124176025,0.6399352550506592,,,,,,,,,,,,,,,,0.05357801169157028,0.008106590248644352,0.0,0.0,10.700515747070312,0.0,0.0,0.0010000000474974513,0.0003000000142492354,1.0,7.096643924713135
1800,,,,,,,,,,,,,,,,,,,,,,,,,,,,,,,0.06873399764299393,0.005959737114608288,0.0,0.0,11.071524620056152,0.0,0.0,0.0010000000474974513,0.0003000000142492354,1.0,6.977769374847412
2100,,,,,,,,,,,,,,,,,,,,,,,,,,,,,,,0.049823734909296036,0.007471481803804636,0.0,0.0,11.523223876953125,0.0,0.0,0.0010000000474974513,0.0003000000142492354,1.0,6.8514933586120605
2400,,,,,,,,,,,,,,,,,,,,,,,,,,,,,,,0.052200376987457275,0.006709360517561436,0.0,0.0,11.797590255737305,0.0,0.0,0.0010000000474974513,0.0003000000142492354,1.0,6.732079982757568
2700,,,,,,,,,,,,,,,,,,,,,,,,,,,,,,,0.06359212845563889,0.007746412884443998,0.0,0.0,12.551313400268555,0.0,0.0,0.0010000000474974513,0.0003000000142492354,1.0,6.635785102844238
3000,0.74755859375,1.0471930503845215,3.091547727584839,0.436737060546875,0.21795184910297394,0.47794055938720703,0.5513381958007812,1.0585057735443115,2.8275694847106934,0.5093994140625,0.3807675242424011,0.6077596545219421,0.5248870849609375,0.3752366900444031,0.6217738389968872,,,,,,,,,,,,,,,,0.032174695283174515,0.005654132459312677,0.0,0.0,12.982583999633789,0.0,0.0,0.0010000000474974513,0.0003000000142492354,1.0,6.562854290008545
3300,,,,,,,,,,,,,,,,,,,,,,,,,,,,,,,0.12136872857809067,0.007795841433107853,0.0,0.0,13.176344871520996,0.0,0.0,0.0010000000474974513,0.0003000000142492354,1.0,6.485630512237549
3600,,,,,,,,,,,,,,,,,,,,,,,,,,,,,,,0.07655839622020721,0.009274676442146301,0.0,0.0,13.891264915466309,0.0,0.0,0.0010000000474974513,0.0003000000142492354,1.0,6.407703876495361
3900,,,,,,,,,,,,,,,,,,,,,,,,,,,,,,,0.043904390186071396,0.00745396176353097,0.0,0.0,14.196121215820312,0.0,0.0,0.0010000000474974513,0.0003000000142492354,1.0,6.34162712097168
4200,,,,,,,,,,,,,,,,,,,,,,,,,,,,,,,0.09227092564105988,0.006254661362618208,0.0,0.0,14.65816593170166,0.0,0.0,0.0010000000474974513,0.0003000000142492354,1.0,6.294884204864502
4500,0.743408203125,1.1112189292907715,3.075620651245117,0.4436798095703125,0.21319088339805603,0.46184203028678894,0.5475387573242188,1.1209710836410522,2.8760342597961426,0.5024261474609375,0.3827987611293793,0.5945427417755127,0.5222091674804688,0.3734472990036011,0.6078824400901794,,,,,,,,,,,,,,,,0.01898752525448799,0.004317465703934431,0.0,0.0,15.196391105651855,0.0,0.0,0.0010000000474974513,0.0003000000142492354,1.0,6.2492451667785645
4800,,,,,,,,,,,,,,,,,,,,,,,,,,,,,,,0.04351431503891945,0.006791524589061737,0.0,0.0,15.725666999816895,0.0,0.0,0.0010000000474974513,0.0003000000142492354,1.0,6.195031642913818
5100,,,,,,,,,,,,,,,,,,,,,,,,,,,,,,,0.05337027087807655,0.008037597872316837,0.0,0.0,15.820690155029297,0.0,0.0,0.0010000000474974513,0.0003000000142492354,1.0,6.164480209350586
5400,,,,,,,,,,,,,,,,,,,,,,,,,,,,,,,0.05337786301970482,0.006844037678092718,0.0,0.0,16.525365829467773,0.0,0.0,0.0010000000474974513,0.0003000000142492354,1.0,6.115646839141846
5700,,,,,,,,,,,,,,,,,,,,,,,,,,,,,,,0.07243038713932037,0.007632175926119089,0.0,0.0,16.918596267700195,0.0,0.0,0.0010000000474974513,0.0003000000142492354,1.0,6.080588340759277
6000,0.728271484375,1.1131243705749512,3.1836624145507812,0.4597930908203125,0.1783994883298874,0.45630204677581787,0.5344314575195312,1.0914019346237183,3.0783190727233887,0.5026092529296875,0.361227810382843,0.6013166308403015,0.5172500610351562,0.3541768193244934,0.6049923300743103,,,,,,,,,,,,,,,,0.07011399418115616,0.009387301281094551,0.0,0.0,17.30113983154297,0.0,0.0,0.0010000000474974513,0.0003000000142492354,1.0,6.051487922668457
6300,,,,,,,,,,,,,,,,,,,,,,,,,,,,,,,0.058709848672151566,0.004791498649865389,0.0,0.0,17.913612365722656,0.0,0.0,0.0010000000474974513,0.0003000000142492354,1.0,6.019350528717041
6600,,,,,,,,,,,,,,,,,,,,,,,,,,,,,,,0.061916038393974304,0.005263248458504677,0.0,0.0,18.21554946899414,0.0,0.0,0.0010000000474974513,0.0003000000142492354,1.0,5.988484859466553
6900,,,,,,,,,,,,,,,,,,,,,,,,,,,,,,,0.08611658960580826,0.005507454741746187,0.0,0.0,18.760438919067383,0.0,0.0,0.0010000000474974513,0.0003000000142492354,1.0,5.963646411895752
7200,,,,,,,,,,,,,,,,,,,,,,,,,,,,,,,0.030780920758843422,0.005329221021384001,0.0,0.0,18.935108184814453,0.0,0.0,0.0010000000474974513,0.0003000000142492354,1.0,5.944043159484863
7500,0.709228515625,1.0750410556793213,2.7603883743286133,0.4772796630859375,0.1817319393157959,0.4446090757846832,0.5296859741210938,0.9202462434768677,2.4333746433258057,0.4977264404296875,0.3654026985168457,0.5929229855537415,0.516204833984375,0.3494722247123718,0.5871177911758423,,,,,,,,,,,,,,,,0.031949885189533234,0.004652865696698427,0.0,0.0,19.75418472290039,0.0,0.0,0.0010000000474974513,0.0003000000142492354,1.0,5.925578594207764
7800,,,,,,,,,,,,,,,,,,,,,,,,,,,,,,,0.039344411343336105,0.004547346383333206,0.0,0.0,20.059616088867188,0.0,0.0,0.0010000000474974513,0.0003000000142492354,1.0,5.895375728607178
8100,,,,,,,,,,,,,,,,,,,,,,,,,,,,,,,0.04520389065146446,0.004155551549047232,0.0,0.0,20.47564125061035,0.0,0.0,0.0010000000474974513,0.0003000000142492354,1.0,5.857248783111572
8400,,,,,,,,,,,,,,,,,,,,,,,,,,,,,,,0.05410374328494072,0.004894273355603218,0.0,0.0,20.751604080200195,0.0,0.0,0.0010000000474974513,0.0003000000142492354,1.0,5.833818435668945
8700,,,,,,,,,,,,,,,,,,,,,,,,,,,,,,,0.037075839936733246,0.0036429676692932844,0.0,0.0,21.2669734954834,0.0,0.0,0.0010000000474974513,0.0003000000142492354,1.0,5.8169121742248535
9000,0.718505859375,1.0926841497421265,2.7530550956726074,0.4933624267578125,0.17822767794132233,0.4327221214771271,0.5264968872070312,0.9262579679489136,2.321643829345703,0.4984588623046875,0.3686799108982086,0.5744511485099792,0.5149383544921875,0.34649088978767395,0.5681841969490051,,,,,,,,,,,,,,,,0.05972830951213837,0.006480588112026453,0.0,0.0,21.601924896240234,0.0,0.0,0.0010000000474974513,0.0003000000142492354,1.0,5.82285737991333
9300,,,,,,,,,,,,,,,,,,,,,,,,,,,,,,,0.04081094264984131,0.004122195765376091,0.0,0.0,22.187217712402344,0.0,0.0,0.0010000000474974513,0.0003000000142492354,1.0,5.799737453460693
9600,,,,,,,,,,,,,,,,,,,,,,,,,,,,,,,0.030210494995117188,0.0030025942251086235,0.0,0.0,22.636938095092773,0.0,0.0,0.0010000000474974513,0.0003000000142492354,1.0,5.7818684577941895
9900,,,,,,,,,,,,,,,,,,,,,,,,,,,,,,,0.01223799493163824,0.002300594700500369,0.0,0.0,22.68897819519043,0.0,0.0,0.0010000000474974513,0.0003000000142492354,1.0,5.764327526092529
10200,,,,,,,,,,,,,,,,,,,,,,,,,,,,,,,0.01896546222269535,0.0030320028308779,0.0,0.0,23.3537654876709,0.0,0.0,0.0010000000474974513,0.0003000000142492354,1.0,5.745414733886719
10500,0.70458984375,1.0689361095428467,2.6808135509490967,0.50006103515625,0.1630755215883255,0.43022212386131287,0.5266876220703125,0.8224766850471497,2.077667236328125,0.497406005859375,0.35356539487838745,0.5788012146949768,0.5186309814453125,0.3268308937549591,0.5609678626060486,,,,,,,,,,,,,,,,0.04591080918908119,0.003648643847554922,0.0,0.0,23.657230377197266,0.0,0.0,0.0010000000474974513,0.0003000000142492354,1.0,5.7139668464660645
10800,,,,,,,,,,,,,,,,,,,,,,,,,,,,,,,0.027297722175717354,0.003348801052197814,0.0,0.0,23.975574493408203,0.0,0.0,0.0010000000474974513,0.0003000000142492354,1.0,5.706145763397217
11100,,,,,,,,,,,,,,,,,,,,,,,,,,,,,,,0.04883403703570366,0.004360933788120747,0.0,0.0,24.118928909301758,0.0,0.0,0.0010000000474974513,0.0003000000142492354,1.0,5.690122604370117
11400,,,,,,,,,,,,,,,,,,,,,,,,,,,,,,,0.029865188524127007,0.0035325796343386173,0.0,0.0,24.496116638183594,0.0,0.0,0.0010000000474974513,0.0003000000142492354,1.0,5.676694393157959
11700,,,,,,,,,,,,,,,,,,,,,,,,,,,,,,,0.03891599178314209,0.0046045673079788685,0.0,0.0,26.649269104003906,0.0,0.0,0.0010000000474974513,0.0003000000142492354,1.0,5.661702632904053
12000,0.707763671875,1.1168333292007446,2.8186511993408203,0.490570068359375,0.1596643328666687,0.4169021248817444,0.556915283203125,0.8948920965194702,2.3544840812683105,0.4975128173828125,0.3622778356075287,0.5667518377304077,0.522186279296875,0.3276476263999939,0.5413845777511597,,,,,,,,,,,,,,,,0.023648981004953384,0.004983436781913042,0.0,0.0,25.35198211669922,0.0,0.0,0.0010000000474974513,0.0003000000142492354,1.0,5.651020526885986
12300,,,,,,,,,,,,,,,,,,,,,,,,,,,,,,,0.029586972668766975,0.0038689153734594584,0.0,0.0,25.65872573852539,0.0,0.0,0.0010000000474974513,0.0003000000142492354,1.0,5.640262126922607
12600,,,,,,,,,,,,,,,,,,,,,,,,,,,,,,,0.031984563916921616,0.0049085356295108795,0.0,0.0,26.053878784179688,0.0,0.0,0.0010000000474974513,0.0003000000142492354,1.0,5.637542247772217
12900,,,,,,,,,,,,,,,,,,,,,,,,,,,,,,,0.046762753278017044,0.004676054697483778,0.0,0.0,26.605690002441406,0.0,0.0,0.0010000000474974513,0.0003000000142492354,1.0,5.627457141876221
13200,,,,,,,,,,,,,,,,,,,,,,,,,,,,,,,0.023180732503533363,0.00340561312623322,0.0,0.0,26.33156394958496,0.0,0.0,0.0010000000474974513,0.0003000000142492354,1.0,5.617293834686279
13500,0.711181640625,1.052615761756897,2.7271645069122314,0.501708984375,0.15231646597385406,0.40789809823036194,0.5866546630859375,0.8877309560775757,2.234652280807495,0.4989471435546875,0.34710776805877686,0.5694843530654907,0.5302200317382812,0.30645689368247986,0.535050630569458,,,,,,,,,,,,,,,,0.025629689916968346,0.003194481832906604,0.0,0.0,26.891969680786133,0.0,0.0,0.0010000000474974513,0.0003000000142492354,1.0,5.6207780838012695
13800,,,,,,,,,,,,,,,,,,,,,,,,,,,,,,,0.027280176058411598,0.004520397167652845,0.0,0.0,27.2216854095459,0.0,0.0,0.0010000000474974513,0.0003000000142492354,1.0,5.588029861450195
14100,,,,,,,,,,,,,,,,,,,,,,,,,,,,,,,0.048917464911937714,0.005963480565696955,0.0,0.0,27.183513641357422,0.0,0.0,0.0010000000474974513,0.0003000000142492354,1.0,5.581125259399414
14400,,,,,,,,,,,,,,,,,,,,,,,,,,,,,,,0.03881329670548439,0.004613188561052084,0.0,0.0,28.186168670654297,0.0,0.0,0.0010000000474974513,0.0003000000142492354,1.0,5.567889213562012
14700,,,,,,,,,,,,,,,,,,,,,,,,,,,,,,,0.034270744770765305,0.003925255499780178,0.0,0.0,28.082658767700195,0.0,0.0,0.0010000000474974513,0.0003000000142492354,1.0,5.546428203582764
15000,0.70947265625,0.9913411140441895,2.3193199634552,0.51580810546875,0.16978096961975098,0.3937050402164459,0.5362625122070312,0.6695705652236938,1.469741940498352,0.4825286865234375,0.34648242592811584,0.5415366291999817,0.5218048095703125,0.30126717686653137,0.5055815577507019,,,,,,,,,,,,,,,,0.019297773018479347,0.003520053345710039,0.0,0.0,27.912593841552734,0.0,0.0,0.0010000000474974513,0.0003000000142492354,1.0,5.530869007110596
15300,,,,,,,,,,,,,,,,,,,,,,,,,,,,,,,0.061518292874097824,0.004409602377563715,0.0,0.0,28.398649215698242,0.0,0.0,0.0010000000474974513,0.0003000000142492354,1.0,5.511728763580322
15600,,,,,,,,,,,,,,,,,,,,,,,,,,,,,,,0.040373317897319794,0.003717999439686537,0.0,0.0,28.804563522338867,0.0,0.0,0.0010000000474974513,0.0003000000142492354,1.0,5.49707555770874
15900,,,,,,,,,,,,,,,,,,,,,,,,,,,,,,,0.02703099325299263,0.004408034961670637,0.0,0.0,31.006513595581055,0.0,0.0,0.0010000000474974513,0.0003000000142492354,1.0,5.495791435241699
16200,,,,,,,,,,,,,,,,,,,,,,,,,,,,,,,0.10442600399255753,0.00783600565046072,0.0,0.0,29.309633255004883,0.0,0.0,0.0010000000474974513,0.0003000000142492354,1.0,5.502530097961426
16500,0.702880859375,0.9442130327224731,2.19242525100708,0.5149993896484375,0.16530711948871613,0.38287749886512756,0.5701675415039062,0.6063234806060791,1.3740251064300537,0.4926605224609375,0.34847134351730347,0.5358045697212219,0.5269088745117188,0.2935035526752472,0.48899731040000916,,,,,,,,,,,,,,,,0.08954761177301407,0.004720955155789852,0.0,0.0,29.173233032226562,0.0,0.0,0.0010000000474974513,0.0003000000142492354,1.0,5.492020606994629
16800,,,,,,,,,,,,,,,,,,,,,,,,,,,,,,,0.021033363416790962,0.0038428930565714836,0.0,0.0,29.972387313842773,0.0,0.0,0.0010000000474974513,0.0003000000142492354,1.0,5.478389739990234
17100,,,,,,,,,,,,,,,,,,,,,,,,,,,,,,,0.022726556286215782,0.00536704296246171,0.0,0.0,30.139598846435547,0.0,0.0,0.0010000000474974513,0.0003000000142492354,1.0,5.46138858795166
17400,,,,,,,,,,,,,,,,,,,,,,,,,,,,,,,0.06311017274856567,0.005741134285926819,0.0,0.0,30.236831665039062,0.0,0.0,0.0010000000474974513,0.0003000000142492354,1.0,5.449877738952637
17700,,,,,,,,,,,,,,,,,,,,,,,,,,,,,,,0.03995433822274208,0.003178624901920557,0.0,0.0,30.288908004760742,0.0,0.0,0.0010000000474974513,0.0003000000142492354,1.0,5.464585304260254
18000,0.7041015625,0.952576756477356,2.2310757637023926,0.5112152099609375,0.16317282617092133,0.3673001825809479,0.5903549194335938,0.6256076097488403,1.3409429788589478,0.48162841796875,0.33673223853111267,0.5178493857383728,0.52679443359375,0.27691900730133057,0.4639773964881897,,,,,,,,,,,,,,,,0.048659343272447586,0.0033046321477741003,0.0,0.0,32.461891174316406,0.0,0.0,0.0010000000474974513,0.0003000000142492354,1.0,5.450395584106445
18300,,,,,,,,,,,,,,,,,,,,,,,,,,,,,,,0.01980176568031311,0.003295338246971369,0.0,0.0,30.919092178344727,0.0,0.0,0.0010000000474974513,0.0003000000142492354,1.0,5.458534240722656
18600,,,,,,,,,,,,,,,,,,,,,,,,,,,,,,,0.07153339684009552,0.003709122072905302,0.0,0.0,31.455732345581055,0.0,0.0,0.0010000000474974513,0.0003000000142492354,1.0,5.442621231079102
18900,,,,,,,,,,,,,,,,,,,,,,,,,,,,,,,0.027120865881443024,0.005536685697734356,0.0,0.0,31.70163345336914,0.0,0.0,0.0010000000474974513,0.0003000000142492354,1.0,5.46022891998291
19200,,,,,,,,,,,,,,,,,,,,,,,,,,,,,,,0.025118708610534668,0.004258902743458748,0.0,0.0,32.129295349121094,0.0,0.0,0.0010000000474974513,0.0003000000142492354,1.0,5.436834812164307
19500,0.70703125,0.8325437903404236,2.0214176177978516,0.532989501953125,0.14967676997184753,0.35987040400505066,0.6011810302734375,0.587876558303833,1.2563049793243408,0.486785888671875,0.32346248626708984,0.5247135162353516,0.5428695678710938,0.2545338273048401,0.45766526460647583,,,,,,,,,,,,,,,,0.037074603140354156,0.005572357680648565,0.0,0.0,32.18357467651367,0.0,0.0,0.0010000000474974513,0.0003000000142492354,1.0,5.441051483154297
19800,,,,,,,,,,,,,,,,,,,,,,,,,,,,,,,0.07791952788829803,0.0061840154230594635,0.0,0.0,32.03091049194336,0.0,0.0,0.0010000000474974513,0.0003000000142492354,1.0,5.428483963012695
20100,,,,,,,,,,,,,,,,,,,,,,,,,,,,,,,0.04535946249961853,0.004267354961484671,0.0,0.0,32.34558868408203,0.0,0.0,0.0010000000474974513,0.0003000000142492354,1.0,5.409935474395752
20400,,,,,,,,,,,,,,,,,,,,,,,,,,,,,,,0.03435460478067398,0.0037593611050397158,0.0,0.0,32.51450729370117,0.0,0.0,0.0010000000474974513,0.0003000000142492354,1.0,5.411111354827881
20700,,,,,,,,,,,,,,,,,,,,,,,,,,,,,,,0.03967521712183952,0.005154566839337349,0.0,0.0,32.45574951171875,0.0,0.0,0.0010000000474974513,0.0003000000142492354,1.0,5.393894672393799
21000,0.718505859375,0.8139844536781311,1.8969050645828247,0.5136871337890625,0.16933341324329376,0.3405541181564331,0.6057891845703125,0.48639121651649475,1.0027053356170654,0.47967529296875,0.32913938164711,0.49380984902381897,0.542816162109375,0.2523029148578644,0.42820626497268677,,,,,,,,,,,,,,,,0.04552457854151726,0.005278849508613348,0.0,0.0,34.50929641723633,0.0,0.0,0.0010000000474974513,0.0003000000142492354,1.0,5.389491558074951
21300,,,,,,,,,,,,,,,,,,,,,,,,,,,,,,,0.05811941251158714,0.004693956580013037,0.0,0.0,32.75554275512695,0.0,0.0,0.0010000000474974513,0.0003000000142492354,1.0,5.376430988311768
21600,,,,,,,,,,,,,,,,,,,,,,,,,,,,,,,0.04654718190431595,0.006421050988137722,0.0,0.0,32.88716506958008,0.0,0.0,0.0010000000474974513,0.0003000000142492354,1.0,5.3691887855529785
21900,,,,,,,,,,,,,,,,,,,,,,,,,,,,,,,0.019704334437847137,0.004043965134769678,0.0,0.0,33.49897766113281,0.0,0.0,0.0010000000474974513,0.0003000000142492354,1.0,5.389554500579834
22200,,,,,,,,,,,,,,,,,,,,,,,,,,,,,,,0.062150876969099045,0.006689154077321291,0.0,0.0,33.791358947753906,0.0,0.0,0.0010000000474974513,0.0003000000142492354,1.0,5.3607025146484375
22500,0.701416015625,0.739301323890686,1.7437596321105957,0.54962158203125,0.15199919044971466,0.3374422788619995,0.5902633666992188,0.3937032222747803,0.8124299049377441,0.4836578369140625,0.32239359617233276,0.48365575075149536,0.5555572509765625,0.23812344670295715,0.41956672072410583,,,,,,,,,,,,,,,,0.026060640811920166,0.004579145926982164,0.0,0.0,35.51002502441406,0.0,0.0,0.0010000000474974513,0.0003000000142492354,1.0,5.391613483428955
22800,,,,,,,,,,,,,,,,,,,,,,,,,,,,,,,0.03082585334777832,0.004409484565258026,0.0,0.0,33.91896057128906,0.0,0.0,0.0010000000474974513,0.0003000000142492354,1.0,5.358443737030029
23100,,,,,,,,,,,,,,,,,,,,,,,,,,,,,,,0.03538423404097557,0.004170562140643597,0.0,0.0,34.93894577026367,0.0,0.0,0.0010000000474974513,0.0003000000142492354,1.0,5.346805572509766
23400,,,,,,,,,,,,,,,,,,,,,,,,,,,,,,,0.027722913771867752,0.004833706188946962,0.0,0.0,34.577857971191406,0.0,0.0,0.0010000000474974513,0.0003000000142492354,1.0,5.330901145935059
23700,,,,,,,,,,,,,,,,,,,,,,,,,,,,,,,0.024748262017965317,0.004624148830771446,0.0,0.0,35.459686279296875,0.0,0.0,0.0010000000474974513,0.0003000000142492354,1.0,5.381389617919922
24000,0.73046875,0.8514744639396667,2.0427043437957764,0.5260467529296875,0.1416410505771637,0.304849237203598,0.64837646484375,0.5024213194847107,1.0994133949279785,0.4752197265625,0.31760913133621216,0.47163838148117065,0.557159423828125,0.22484837472438812,0.39638960361480713,,,,,,,,,,,,,,,,0.06307654082775116,0.006042554508894682,0.0,0.0,36.635459899902344,0.0,0.0,0.0010000000474974513,0.0003000000142492354,1.0,5.390599727630615
24300,,,,,,,,,,,,,,,,,,,,,,,,,,,,,,,0.02386114001274109,0.0035851679276674986,0.0,0.0,35.08030700683594,0.0,0.0,0.0010000000474974513,0.0003000000142492354,1.0,5.401269435882568
24600,,,,,,,,,,,,,,,,,,,,,,,,,,,,,,,0.04347984865307808,0.0057273320853710175,0.0,0.0,35.021881103515625,0.0,0.0,0.0010000000474974513,0.0003000000142492354,1.0,5.350539207458496
24900,,,,,,,,,,,,,,,,,,,,,,,,,,,,,,,0.040579356253147125,0.00564621901139617,0.0,0.0,37.14862823486328,0.0,0.0,0.0010000000474974513,0.0003000000142492354,1.0,5.351554870605469
25200,,,,,,,,,,,,,,,,,,,,,,,,,,,,,,,0.04911109432578087,0.004170022904872894,0.0,0.0,36.016048431396484,0.0,0.0,0.0010000000474974513,0.0003000000142492354,1.0,5.320080280303955
25500,0.70947265625,0.7499915957450867,1.7131062746047974,0.54266357421875,0.14316809177398682,0.3054496943950653,0.6237411499023438,0.3782599866390228,0.8076638579368591,0.4742431640625,0.3052252233028412,0.467519074678421,0.5634307861328125,0.21263399720191956,0.3810099959373474,,,,,,,,,,,,,,,,0.035340964794158936,0.005028204061090946,0.0,0.0,35.633636474609375,0.0,0.0,0.0010000000474974513,0.0003000000142492354,1.0,5.3146514892578125
25800,,,,,,,,,,,,,,,,,,,,,,,,,,,,,,,0.029995597898960114,0.004932215437293053,0.0,0.0,35.276302337646484,0.0,0.0,0.0010000000474974513,0.0003000000142492354,1.0,5.288760662078857
26100,,,,,,,,,,,,,,,,,,,,,,,,,,,,,,,0.060011181980371475,0.005432631354779005,0.0,0.0,37.30999755859375,0.0,0.0,0.0010000000474974513,0.0003000000142492354,1.0,5.267637729644775
26400,,,,,,,,,,,,,,,,,,,,,,,,,,,,,,,0.023471573367714882,0.004303139168769121,0.0,0.0,36.07573699951172,0.0,0.0,0.0010000000474974513,0.0003000000142492354,1.0,5.275549411773682
26700,,,,,,,,,,,,,,,,,,,,,,,,,,,,,,,0.025446593761444092,0.0034228498116135597,0.0,0.0,36.59025573730469,0.0,0.0,0.0010000000474974513,0.0003000000142492354,1.0,5.248783588409424
27000,0.71337890625,0.665381133556366,1.570697546005249,0.539581298828125,0.12660954892635345,0.29582732915878296,0.6270828247070312,0.2876518964767456,0.6388123035430908,0.480621337890625,0.2881479859352112,0.46510425209999084,0.56939697265625,0.190690815448761,0.36881503462791443,,,,,,,,,,,,,,,,0.03225207328796387,0.0044659338891506195,0.0,0.0,37.503658294677734,0.0,0.0,0.0010000000474974513,0.0003000000142492354,1.0,5.2219133377075195
27300,,,,,,,,,,,,,,,,,,,,,,,,,,,,,,,0.022931767627596855,0.0038514521438628435,0.0,0.0,38.7124137878418,0.0,0.0,0.0010000000474974513,0.0003000000142492354,1.0,5.181979179382324
27600,,,,,,,,,,,,,,,,,,,,,,,,,,,,,,,0.017342807725071907,0.0034778069239109755,0.0,0.0,36.878562927246094,0.0,0.0,0.0010000000474974513,0.0003000000142492354,1.0,5.162353038787842
27900,,,,,,,,,,,,,,,,,,,,,,,,,,,,,,,0.02161034755408764,0.004910988267511129,0.0,0.0,36.56853485107422,0.0,0.0,0.0010000000474974513,0.0003000000142492354,1.0,5.146899223327637
28200,,,,,,,,,,,,,,,,,,,,,,,,,,,,,,,0.04172378033399582,0.004401881247758865,0.0,0.0,36.97494125366211,0.0,0.0,0.0010000000474974513,0.0003000000142492354,1.0,5.1549835205078125
28500,0.720947265625,0.6527623534202576,1.517676830291748,0.5393218994140625,0.15125373005867004,0.297761470079422,0.6313552856445312,0.31488245725631714,0.6584124565124512,0.482666015625,0.2958720922470093,0.4433627426624298,0.574981689453125,0.19662770628929138,0.35628315806388855,,,,,,,,,,,,,,,,0.02887057699263096,0.005067258141934872,0.0,0.0,36.61946487426758,0.0,0.0,0.0010000000474974513,0.0003000000142492354,1.0,5.131251811981201
28800,,,,,,,,,,,,,,,,,,,,,,,,,,,,,,,0.026917031034827232,0.003668715013191104,0.0,0.0,38.709877014160156,0.0,0.0,0.0010000000474974513,0.0003000000142492354,1.0,5.163405895233154
29100,,,,,,,,,,,,,,,,,,,,,,,,,,,,,,,0.01972796954214573,0.004447842016816139,0.0,0.0,37.013450622558594,0.0,0.0,0.0010000000474974513,0.0003000000142492354,1.0,5.144569396972656
29400,,,,,,,,,,,,,,,,,,,,,,,,,,,,,,,0.034862518310546875,0.003093925304710865,0.0,0.0,37.42723846435547,0.0,0.0,0.0010000000474974513,0.0003000000142492354,1.0,5.10265588760376
29700,,,,,,,,,,,,,,,,,,,,,,,,,,,,,,,0.06607401371002197,0.004286148119717836,0.0,0.0,37.28461837768555,0.0,0.0,0.0010000000474974513,0.0003000000142492354,1.0,5.057694911956787
30000,0.700927734375,0.5812332630157471,1.4120992422103882,0.544036865234375,0.12647752463817596,0.28038084506988525,0.6519775390625,0.2652263641357422,0.5857816338539124,0.482177734375,0.2826892137527466,0.4412684738636017,0.5804977416992188,0.17620837688446045,0.33979618549346924,,,,,,,,,,,,,,,,0.033924173563718796,0.0032907244749367237,0.0,0.0,38.29188919067383,0.0,0.0,0.0010000000474974513,0.0003000000142492354,1.0,5.025212287902832
30300,,,,,,,,,,,,,,,,,,,,,,,,,,,,,,,0.03165105730295181,0.0058183628134429455,0.0,0.0,37.879364013671875,0.0,0.0,0.0010000000474974513,0.0003000000142492354,1.0,5.010436534881592
30600,,,,,,,,,,,,,,,,,,,,,,,,,,,,,,,0.019556798040866852,0.004338871221989393,0.0,0.0,37.614688873291016,0.0,0.0,0.0010000000474974513,0.0003000000142492354,1.0,5.001311302185059
30900,,,,,,,,,,,,,,,,,,,,,,,,,,,,,,,0.023842722177505493,0.003937288653105497,0.0,0.0,38.22154235839844,0.0,0.0,0.0010000000474974513,0.0003000000142492354,1.0,4.975419998168945
31200,,,,,,,,,,,,,,,,,,,,,,,,,,,,,,,0.02747981622815132,0.005047766491770744,0.0,0.0,38.28322219848633,0.0,0.0,0.0010000000474974513,0.0003000000142492354,1.0,4.955540657043457
31500,0.7119140625,0.5636497139930725,1.3009384870529175,0.5401458740234375,0.1515682488679886,0.27577275037765503,0.6446151733398438,0.2622451186180115,0.5332459211349487,0.465911865234375,0.2833535671234131,0.42326754331588745,0.5832290649414062,0.17237509787082672,0.327060341835022,,,,,,,,,,,,,,,,0.019098393619060516,0.003011672990396619,0.0,0.0,39.720008850097656,0.0,0.0,0.0010000000474974513,0.0003000000142492354,1.0,4.934128284454346
31800,,,,,,,,,,,,,,,,,,,,,,,,,,,,,,,0.021657561883330345,0.0032553565688431263,0.0,0.0,38.42214584350586,0.0,0.0,0.0010000000474974513,0.0003000000142492354,1.0,4.915738582611084
32100,,,,,,,,,,,,,,,,,,,,,,,,,,,,,,,0.0203341506421566,0.0028788691852241755,0.0,0.0,40.213645935058594,0.0,0.0,0.0010000000474974513,0.0003000000142492354,1.0,4.875522136688232
32400,,,,,,,,,,,,,,,,,,,,,,,,,,,,,,,0.026923684403300285,0.002988377818837762,0.0,0.0,38.43230438232422,0.0,0.0,0.0010000000474974513,0.0003000000142492354,1.0,4.853596210479736
32700,,,,,,,,,,,,,,,,,,,,,,,,,,,,,,,0.023072877898812294,0.0039496454410254955,0.0,0.0,39.467994689941406,0.0,0.0,0.0010000000474974513,0.0003000000142492354,1.0,4.8397345542907715
33000,0.72412109375,0.5267482399940491,1.2473021745681763,0.541229248046875,0.13221894204616547,0.2601466476917267,0.6486892700195312,0.23064056038856506,0.49000707268714905,0.474609375,0.27078789472579956,0.4240974187850952,0.5963592529296875,0.1590850055217743,0.3158489465713501,,,,,,,,,,,,,,,,0.024199726060032845,0.005058779381215572,0.0,0.0,39.01992416381836,0.0,0.0,0.0010000000474974513,0.0003000000142492354,1.0,4.849116325378418
33300,,,,,,,,,,,,,,,,,,,,,,,,,,,,,,,0.027704784646630287,0.003272783011198044,0.0,0.0,38.80530548095703,0.0,0.0,0.0010000000474974513,0.0003000000142492354,1.0,4.841481685638428
33600,,,,,,,,,,,,,,,,,,,,,,,,,,,,,,,0.056459683924913406,0.0043535479344427586,0.0,0.0,39.29461669921875,0.0,0.0,0.0010000000474974513,0.0003000000142492354,1.0,4.850870609283447
33900,,,,,,,,,,,,,,,,,,,,,,,,,,,,,,,0.037198834121227264,0.0047789509408175945,0.0,0.0,40.586402893066406,0.0,0.0,0.0010000000474974513,0.0003000000142492354,1.0,4.806708812713623
34200,,,,,,,,,,,,,,,,,,,,,,,,,,,,,,,0.03025670535862446,0.003360448172315955,0.0,0.0,39.54344940185547,0.0,0.0,0.0010000000474974513,0.0003000000142492354,1.0,4.883098125457764
34500,0.7041015625,0.5676710605621338,1.2706096172332764,0.563995361328125,0.1359548419713974,0.26255595684051514,0.66387939453125,0.20969344675540924,0.44922393560409546,0.467926025390625,0.26542431116104126,0.4115976393222809,0.594879150390625,0.15094636380672455,0.2988528609275818,,,,,,,,,,,,,,,,0.07765494287014008,0.010328552685678005,0.0,0.0,39.579933166503906,0.0,0.0,0.0010000000474974513,0.0003000000142492354,1.0,4.924383163452148
34800,,,,,,,,,,,,,,,,,,,,,,,,,,,,,,,0.025904007256031036,0.004022765439003706,0.0,0.0,39.50062942504883,0.0,0.0,0.0010000000474974513,0.0003000000142492354,1.0,4.889837741851807
35100,,,,,,,,,,,,,,,,,,,,,,,,,,,,,,,0.02662844769656658,0.0034033828414976597,0.0,0.0,40.01066589355469,0.0,0.0,0.0010000000474974513,0.0003000000142492354,1.0,4.884851932525635
35400,,,,,,,,,,,,,,,,,,,,,,,,,,,,,,,0.026604948565363884,0.003984138835221529,0.0,0.0,42.10823440551758,0.0,0.0,0.0010000000474974513,0.0003000000142492354,1.0,4.877598285675049
35700,,,,,,,,,,,,,,,,,,,,,,,,,,,,,,,0.04226219281554222,0.004700187593698502,0.0,0.0,39.99376678466797,0.0,0.0,0.0010000000474974513,0.0003000000142492354,1.0,4.923149585723877
36000,0.76123046875,0.5079602599143982,1.2774394750595093,0.5505828857421875,0.13450103998184204,0.25285062193870544,0.707366943359375,0.2590034008026123,0.5887541174888611,0.46575927734375,0.2710544168949127,0.39781293272972107,0.601104736328125,0.14826345443725586,0.29039353132247925,,,,,,,,,,,,,,,,0.026583317667245865,0.00600960711017251,0.0,0.0,39.78371047973633,0.0,0.0,0.0010000000474974513,0.0003000000142492354,1.0,5.015819549560547
36300,,,,,,,,,,,,,,,,,,,,,,,,,,,,,,,0.07083585113286972,0.008185029029846191,0.0,0.0,40.43229293823242,0.0,0.0,0.0010000000474974513,0.0003000000142492354,1.0,5.1597065925598145
36600,,,,,,,,,,,,,,,,,,,,,,,,,,,,,,,0.08457724004983902,0.01743645966053009,0.0,0.0,40.42572784423828,0.0,0.0,0.0010000000474974513,0.0003000000142492354,1.0,5.326437473297119
36900,,,,,,,,,,,,,,,,,,,,,,,,,,,,,,,0.07151374220848083,0.009617742151021957,0.0,0.0,42.821598052978516,0.0,0.0,0.0010000000474974513,0.0003000000142492354,1.0,5.396309852600098
37200,,,,,,,,,,,,,,,,,,,,,,,,,,,,,,,0.0580575093626976,0.00851465854793787,0.0,0.0,40.6429557800293,0.0,0.0,0.0010000000474974513,0.0003000000142492354,1.0,5.433409214019775
37500,0.76025390625,0.5974358320236206,1.525223970413208,0.6284942626953125,0.10357131063938141,0.24022150039672852,0.7312774658203125,0.377826452255249,0.920991063117981,0.4425201416015625,0.26819130778312683,0.39509615302085876,0.5976181030273438,0.14569053053855896,0.2818053364753723,,,,,,,,,,,,,,,,0.11182832717895508,0.012032920494675636,0.0,0.0,42.22339630126953,0.0,0.0,0.0010000000474974513,0.0003000000142492354,1.0,5.479970932006836
37800,,,,,,,,,,,,,,,,,,,,,,,,,,,,,,,0.04665704816579819,0.009579061530530453,0.0,0.0,40.7873649597168,0.0,0.0,0.0010000000474974513,0.0003000000142492354,1.0,5.486832618713379
38100,,,,,,,,,,,,,,,,,,,,,,,,,,,,,,,0.03379185125231743,0.011891759000718594,0.0,0.0,40.87300491333008,0.0,0.0,0.0010000000474974513,0.0003000000142492354,1.0,5.553684234619141
38400,,,,,,,,,,,,,,,,,,,,,,,,,,,,,,,0.039496954530477524,0.008106191642582417,0.0,0.0,43.215065002441406,0.0,0.0,0.0010000000474974513,0.0003000000142492354,1.0,5.5440568923950195
38700,,,,,,,,,,,,,,,,,,,,,,,,,,,,,,,0.03660080209374428,0.0056466590613126755,0.0,0.0,41.10673904418945,0.0,0.0,0.0010000000474974513,0.0003000000142492354,1.0,5.538382530212402
39000,0.764892578125,0.5372461676597595,1.3950079679489136,0.598663330078125,0.10709040611982346,0.2260705530643463,0.71923828125,0.3367154598236084,0.8078837990760803,0.4581298828125,0.26685062050819397,0.389258474111557,0.6099777221679688,0.13830633461475372,0.27829086780548096,,,,,,,,,,,,,,,,0.05394802242517471,0.009085516445338726,0.0,0.0,41.78602600097656,0.0,0.0,0.0010000000474974513,0.0003000000142492354,1.0,5.503153324127197
39300,,,,,,,,,,,,,,,,,,,,,,,,,,,,,,,0.05228612199425697,0.013089639134705067,0.0,0.0,41.645015716552734,0.0,0.0,0.0010000000474974513,0.0003000000142492354,1.0,5.552227973937988
39600,,,,,,,,,,,,,,,,,,,,,,,,,,,,,,,0.04746565222740173,0.010843486525118351,0.0,0.0,41.62482452392578,0.0,0.0,0.0010000000474974513,0.0003000000142492354,1.0,5.578765392303467
39900,,,,,,,,,,,,,,,,,,,,,,,,,,,,,,,0.052144426852464676,0.012026752345263958,0.0,0.0,41.52073287963867,0.0,0.0,0.0010000000474974513,0.0003000000142492354,1.0,5.571085453033447
40200,,,,,,,,,,,,,,,,,,,,,,,,,,,,,,,0.030160434544086456,0.0067868102341890335,0.0,0.0,41.749393463134766,0.0,0.0,0.0010000000474974513,0.0003000000142492354,1.0,5.54170560836792
40500,0.75,0.48450350761413574,1.2972499132156372,0.5935211181640625,0.09886401146650314,0.20479939877986908,0.7239532470703125,0.28449496626853943,0.7173612713813782,0.4610137939453125,0.25974196195602417,0.3879290819168091,0.6090164184570312,0.1319808065891266,0.2730248272418976,,,,,,,,,,,,,,,,0.0267634354531765,0.006875739898532629,0.0,0.0,42.593231201171875,0.0,0.0,0.0010000000474974513,0.0003000000142492354,1.0,5.499552249908447
40800,,,,,,,,,,,,,,,,,,,,,,,,,,,,,,,0.026873145252466202,0.005544694140553474,0.0,0.0,41.57823944091797,0.0,0.0,0.0010000000474974513,0.0003000000142492354,1.0,5.5388641357421875
41100,,,,,,,,,,,,,,,,,,,,,,,,,,,,,,,0.05341281741857529,0.007231674622744322,0.0,0.0,43.73284149169922,0.0,0.0,0.0010000000474974513,0.0003000000142492354,1.0,5.610840320587158
41400,,,,,,,,,,,,,,,,,,,,,,,,,,,,,,,0.03923768177628517,0.005634138826280832,0.0,0.0,43.62387466430664,0.0,0.0,0.0010000000474974513,0.0003000000142492354,1.0,5.529685974121094
41700,,,,,,,,,,,,,,,,,,,,,,,,,,,,,,,0.04976943880319595,0.006643123459070921,0.0,0.0,43.94403839111328,0.0,0.0,0.0010000000474974513,0.0003000000142492354,1.0,5.535248279571533
42000,0.77783203125,0.46171408891677856,1.2315400838851929,0.5683746337890625,0.0977964773774147,0.19799493253231049,0.7327117919921875,0.2861538827419281,0.749154269695282,0.45123291015625,0.2508941888809204,0.37945911288261414,0.6182479858398438,0.12671388685703278,0.2688106596469879,,,,,,,,,,,,,,,,0.03475908935070038,0.005201709922403097,0.0,0.0,41.76152420043945,0.0,0.0,0.0010000000474974513,0.0003000000142492354,1.0,5.473287105560303
42300,,,,,,,,,,,,,,,,,,,,,,,,,,,,,,,0.0331093855202198,0.005654708947986364,0.0,0.0,42.487491607666016,0.0,0.0,0.0010000000474974513,0.0003000000142492354,1.0,5.420307636260986
42600,,,,,,,,,,,,,,,,,,,,,,,,,,,,,,,0.02623710222542286,0.005817990284413099,0.0,0.0,44.657039642333984,0.0,0.0,0.0010000000474974513,0.0003000000142492354,1.0,5.389911651611328
42900,,,,,,,,,,,,,,,,,,,,,,,,,,,,,,,0.031387120485305786,0.0053744204342365265,0.0,0.0,42.545345306396484,0.0,0.0,0.0010000000474974513,0.0003000000142492354,1.0,5.364055156707764
43200,,,,,,,,,,,,,,,,,,,,,,,,,,,,,,,0.03433700650930405,0.0059966230764985085,0.0,0.0,42.91013717651367,0.0,0.0,0.0010000000474974513,0.0003000000142492354,1.0,5.356162071228027
43500,0.7705078125,0.41404277086257935,1.0976920127868652,0.581268310546875,0.09366129338741302,0.19818031787872314,0.7231903076171875,0.2166091799736023,0.5755113363265991,0.4571685791015625,0.25124606490135193,0.3681548237800598,0.625213623046875,0.1243482381105423,0.26142871379852295,,,,,,,,,,,,,,,,0.04416064918041229,0.008535600267350674,0.0,0.0,42.74273681640625,0.0,0.0,0.0010000000474974513,0.0003000000142492354,1.0,5.3238301277160645
43800,,,,,,,,,,,,,,,,,,,,,,,,,,,,,,,0.030420105904340744,0.005388008896261454,0.0,0.0,44.2239875793457,0.0,0.0,0.0010000000474974513,0.0003000000142492354,1.0,5.28449010848999
44100,,,,,,,,,,,,,,,,,,,,,,,,,,,,,,,0.03660930320620537,0.0051557947881519794,0.0,0.0,42.78068161010742,0.0,0.0,0.0010000000474974513,0.0003000000142492354,1.0,5.243248462677002
44400,,,,,,,,,,,,,,,,,,,,,,,,,,,,,,,0.020199498161673546,0.003997247666120529,0.0,0.0,42.82122039794922,0.0,0.0,0.0010000000474974513,0.0003000000142492354,1.0,5.205826759338379
44700,,,,,,,,,,,,,,,,,,,,,,,,,,,,,,,0.025486046448349953,0.005864344071596861,0.0,0.0,42.88459777832031,0.0,0.0,0.0010000000474974513,0.0003000000142492354,1.0,5.16740083694458
45000,0.732421875,0.4440780282020569,1.0854417085647583,0.57647705078125,0.1028096154332161,0.2026463747024536,0.7274398803710938,0.18409299850463867,0.4651409983634949,0.4593048095703125,0.2458348572254181,0.3650188446044922,0.62689208984375,0.12217797338962555,0.25618505477905273,,,,,,,,,,,,,,,,0.03810872137546539,0.007046220824122429,0.0,0.0,43.04340744018555,0.0,0.0,0.0010000000474974513,0.0003000000142492354,1.0,5.177592754364014
45300,,,,,,,,,,,,,,,,,,,,,,,,,,,,,,,0.019625436514616013,0.004452874884009361,0.0,0.0,45.00387191772461,0.0,0.0,0.0010000000474974513,0.0003000000142492354,1.0,5.151916027069092
45600,,,,,,,,,,,,,,,,,,,,,,,,,,,,,,,0.047347184270620346,0.005775317549705505,0.0,0.0,44.58869171142578,0.0,0.0,0.0010000000474974513,0.0003000000142492354,1.0,5.146477699279785
45900,,,,,,,,,,,,,,,,,,,,,,,,,,,,,,,0.032645199447870255,0.005890040658414364,0.0,0.0,43.28256607055664,0.0,0.0,0.0010000000474974513,0.0003000000142492354,1.0,5.143680095672607
46200,,,,,,,,,,,,,,,,,,,,,,,,,,,,,,,0.017829686403274536,0.0031880377791821957,0.0,0.0,43.19594955444336,0.0,0.0,0.0010000000474974513,0.0003000000142492354,1.0,5.093665599822998
46500,0.737548828125,0.4151844084262848,1.027605652809143,0.570587158203125,0.10238543152809143,0.1923675239086151,0.7192916870117188,0.16242529451847076,0.41774100065231323,0.4553680419921875,0.2421908974647522,0.3612799644470215,0.6346054077148438,0.11734139919281006,0.25436490774154663,,,,,,,,,,,,,,,,0.02483087033033371,0.004081300925463438,0.0,0.0,43.81692886352539,0.0,0.0,0.0010000000474974513,0.0003000000142492354,1.0,5.082910060882568
46800,,,,,,,,,,,,,,,,,,,,,,,,,,,,,,,0.02010728418827057,0.00498532596975565,0.0,0.0,45.471900939941406,0.0,0.0,0.0010000000474974513,0.0003000000142492354,1.0,5.034576892852783
47100,,,,,,,,,,,,,,,,,,,,,,,,,,,,,,,0.02810049243271351,0.005437619052827358,0.0,0.0,45.90414810180664,0.0,0.0,0.0010000000474974513,0.0003000000142492354,1.0,5.026206970214844
47400,,,,,,,,,,,,,,,,,,,,,,,,,,,,,,,0.0401490218937397,0.006267651915550232,0.0,0.0,45.42195510864258,0.0,0.0,0.0010000000474974513,0.0003000000142492354,1.0,5.032415390014648
47700,,,,,,,,,,,,,,,,,,,,,,,,,,,,,,,0.05668875575065613,0.008983130566775799,0.0,0.0,44.36840057373047,0.0,0.0,0.0010000000474974513,0.0003000000142492354,1.0,5.040461540222168
48000,0.74853515625,0.4715498983860016,1.151394009590149,0.5819854736328125,0.09608996659517288,0.18877850472927094,0.744781494140625,0.2118009477853775,0.5463602542877197,0.459930419921875,0.24222956597805023,0.35975566506385803,0.641143798828125,0.11305871605873108,0.24644476175308228,,,,,,,,,,,,,,,,0.01496560126543045,0.003953142557293177,0.0,0.0,43.70658493041992,0.0,0.0,0.0010000000474974513,0.0003000000142492354,1.0,5.012261390686035
48300,,,,,,,,,,,,,,,,,,,,,,,,,,,,,,,0.036562733352184296,0.006361211650073528,0.0,0.0,43.43976974487305,0.0,0.0,0.0010000000474974513,0.0003000000142492354,1.0,4.996768951416016
48600,,,,,,,,,,,,,,,,,,,,,,,,,,,,,,,0.04521452262997627,0.005563952494412661,0.0,0.0,43.80393981933594,0.0,0.0,0.0010000000474974513,0.0003000000142492354,1.0,5.002279758453369
48900,,,,,,,,,,,,,,,,,,,,,,,,,,,,,,,0.023493768647313118,0.005139142274856567,0.0,0.0,46.07313537597656,0.0,0.0,0.0010000000474974513,0.0003000000142492354,1.0,5.038159370422363
49200,,,,,,,,,,,,,,,,,,,,,,,,,,,,,,,0.04271761327981949,0.009276709519326687,0.0,0.0,45.399898529052734,0.0,0.0,0.0010000000474974513,0.0003000000142492354,1.0,5.064981937408447
49500,0.742919921875,0.37027591466903687,0.9589143991470337,0.585418701171875,0.09722890704870224,0.184586763381958,0.7297134399414062,0.15920670330524445,0.3994899392127991,0.4591217041015625,0.23689988255500793,0.34853634238243103,0.6449737548828125,0.11190764605998993,0.24694474041461945,,,,,,,,,,,,,,,,0.02043231762945652,0.006485498510301113,0.0,0.0,44.53843307495117,0.0,0.0,0.0010000000474974513,0.0003000000142492354,1.0,5.045732498168945
49800,,,,,,,,,,,,,,,,,,,,,,,,,,,,,,,0.016413455829024315,0.00490982411429286,0.0,0.0,44.61602020263672,0.0,0.0,0.0010000000474974513,0.0003000000142492354,1.0,5.02065896987915
50100,,,,,,,,,,,,,,,,,,,,,,,,,,,,,,,0.017731091007590294,0.005636161658912897,0.0,0.0,45.441612243652344,0.0,0.0,0.0010000000474974513,0.0003000000142492354,1.0,4.99660587310791
50400,,,,,,,,,,,,,,,,,,,,,,,,,,,,,,,0.027120310813188553,0.0053421868942677975,0.0,0.0,44.4006233215332,0.0,0.0,0.0010000000474974513,0.0003000000142492354,1.0,4.9824113845825195
50700,,,,,,,,,,,,,,,,,,,,,,,,,,,,,,,0.028858203440904617,0.005302577745169401,0.0,0.0,46.380245208740234,0.0,0.0,0.0010000000474974513,0.0003000000142492354,1.0,5.075890064239502
51000,0.764404296875,0.3982820510864258,1.0041652917861938,0.5940704345703125,0.09725702553987503,0.18558087944984436,0.747100830078125,0.1647261381149292,0.4396686851978302,0.44970703125,0.23292800784111023,0.3492368459701538,0.6516494750976562,0.10172107815742493,0.23115597665309906,,,,,,,,,,,,,,,,0.019234664738178253,0.004751901607960463,0.0,0.0,46.422447204589844,0.0,0.0,0.0010000000474974513,0.0003000000142492354,1.0,5.033359050750732
51300,,,,,,,,,,,,,,,,,,,,,,,,,,,,,,,0.04278026148676872,0.007765363901853561,0.0,0.0,46.203102111816406,0.0,0.0,0.0010000000474974513,0.0003000000142492354,1.0,5.001735687255859
51600,,,,,,,,,,,,,,,,,,,,,,,,,,,,,,,0.035445574671030045,0.011246297508478165,0.0,0.0,44.97429275512695,0.0,0.0,0.0010000000474974513,0.0003000000142492354,1.0,5.106953144073486
51900,,,,,,,,,,,,,,,,,,,,,,,,,,,,,,,0.02369072288274765,0.004710609558969736,0.0,0.0,46.062049865722656,0.0,0.0,0.0010000000474974513,0.0003000000142492354,1.0,5.127401828765869
52200,,,,,,,,,,,,,,,,,,,,,,,,,,,,,,,0.014081013388931751,0.003208716632798314,0.0,0.0,46.9594612121582,0.0,0.0,0.0010000000474974513,0.0003000000142492354,1.0,5.088306903839111
52500,0.749755859375,0.36438876390457153,0.9059690833091736,0.5850982666015625,0.09428699314594269,0.17157617211341858,0.746612548828125,0.15492716431617737,0.4047078490257263,0.4544677734375,0.22860181331634521,0.3465346097946167,0.6475372314453125,0.10285741090774536,0.2301124632358551,,,,,,,,,,,,,,,,0.017429180443286896,0.003885813755914569,0.0,0.0,46.91579818725586,0.0,0.0,0.0010000000474974513,0.0003000000142492354,1.0,5.049067497253418
52800,,,,,,,,,,,,,,,,,,,,,,,,,,,,,,,0.019478382542729378,0.004410236142575741,0.0,0.0,45.99516296386719,0.0,0.0,0.0010000000474974513,0.0003000000142492354,1.0,5.003715515136719
53100,,,,,,,,,,,,,,,,,,,,,,,,,,,,,,,0.024686768651008606,0.006311178207397461,0.0,0.0,47.3164176940918,0.0,0.0,0.0010000000474974513,0.0003000000142492354,1.0,4.99852180480957
53400,,,,,,,,,,,,,,,,,,,,,,,,,,,,,,,0.02612306922674179,0.006691908463835716,0.0,0.0,45.98209762573242,0.0,0.0,0.0010000000474974513,0.0003000000142492354,1.0,4.978315353393555
53700,,,,,,,,,,,,,,,,,,,,,,,,,,,,,,,0.02201223373413086,0.0055434671230614185,0.0,0.0,45.98175811767578,0.0,0.0,0.0010000000474974513,0.0003000000142492354,1.0,4.947822093963623
54000,0.754150390625,0.31976547837257385,0.7909776568412781,0.5926361083984375,0.085616335272789,0.1699138730764389,0.7509307861328125,0.11874343454837799,0.31691911816596985,0.458740234375,0.22617687284946442,0.34129953384399414,0.6631698608398438,0.09580051898956299,0.2233511060476303,,,,,,,,,,,,,,,,0.016009651124477386,0.005166823510080576,0.0,0.0,45.39431381225586,0.0,0.0,0.0010000000474974513,0.0003000000142492354,1.0,4.94502592086792
54300,,,,,,,,,,,,,,,,,,,,,,,,,,,,,,,0.02463418059051037,0.007914211601018906,0.0,0.0,46.2496223449707,0.0,0.0,0.0010000000474974513,0.0003000000142492354,1.0,4.8995771408081055
54600,,,,,,,,,,,,,,,,,,,,,,,,,,,,,,,0.026444926857948303,0.0051980712451040745,0.0,0.0,45.79240036010742,0.0,0.0,0.0010000000474974513,0.0003000000142492354,1.0,4.885461807250977
54900,,,,,,,,,,,,,,,,,,,,,,,,,,,,,,,0.02181481570005417,0.0062247333116829395,0.0,0.0,47.89097213745117,0.0,0.0,0.0010000000474974513,0.0003000000142492354,1.0,4.883757591247559
55200,,,,,,,,,,,,,,,,,,,,,,,,,,,,,,,0.03570070490241051,0.010406749323010445,0.0,0.0,46.341331481933594,0.0,0.0,0.0010000000474974513,0.0003000000142492354,1.0,4.959125518798828
55500,0.765869140625,0.41369742155075073,1.0651416778564453,0.607391357421875,0.08321380615234375,0.16984106600284576,0.7931137084960938,0.18192315101623535,0.5247482061386108,0.44781494140625,0.22404098510742188,0.3320772349834442,0.6629257202148438,0.0956166461110115,0.21962536871433258,,,,,,,,,,,,,,,,0.04510265961289406,0.0083227613940835,0.0,0.0,47.52165603637695,0.0,0.0,0.0010000000474974513,0.0003000000142492354,1.0,5.040268898010254
55800,,,,,,,,,,,,,,,,,,,,,,,,,,,,,,,0.05842204391956329,0.006519165355712175,0.0,0.0,46.3057975769043,0.0,0.0,0.0010000000474974513,0.0003000000142492354,1.0,5.071287631988525
56100,,,,,,,,,,,,,,,,,,,,,,,,,,,,,,,0.03377164527773857,0.0072716292925179005,0.0,0.0,45.36701202392578,0.0,0.0,0.0010000000474974513,0.0003000000142492354,1.0,5.090693950653076
56400,,,,,,,,,,,,,,,,,,,,,,,,,,,,,,,0.027234885841608047,0.0071149347350001335,0.0,0.0,46.91647720336914,0.0,0.0,0.0010000000474974513,0.0003000000142492354,1.0,5.0531721115112305
56700,,,,,,,,,,,,,,,,,,,,,,,,,,,,,,,0.029218481853604317,0.00820096768438816,0.0,0.0,46.0507698059082,0.0,0.0,0.0010000000474974513,0.0003000000142492354,1.0,5.100890636444092
57000,0.780029296875,0.36688029766082764,0.9664931297302246,0.599517822265625,0.08517388999462128,0.16307967901229858,0.741729736328125,0.18976548314094543,0.4985883831977844,0.444000244140625,0.22210384905338287,0.32644352316856384,0.6707839965820312,0.09245540201663971,0.21847176551818848,,,,,,,,,,,,,,,,0.03794408589601517,0.009908360429108143,0.0,0.0,47.61969757080078,0.0,0.0,0.0010000000474974513,0.0003000000142492354,1.0,5.066049575805664
57300,,,,,,,,,,,,,,,,,,,,,,,,,,,,,,,0.047996167093515396,0.009919864125549793,0.0,0.0,46.72088623046875,0.0,0.0,0.0010000000474974513,0.0003000000142492354,1.0,5.051034927368164
57600,,,,,,,,,,,,,,,,,,,,,,,,,,,,,,,0.02474094182252884,0.0065390728414058685,0.0,0.0,46.14068603515625,0.0,0.0,0.0010000000474974513,0.0003000000142492354,1.0,5.026907444000244
57900,,,,,,,,,,,,,,,,,,,,,,,,,,,,,,,0.020258331671357155,0.005483047571033239,0.0,0.0,47.481712341308594,0.0,0.0,0.0010000000474974513,0.0003000000142492354,1.0,5.018167495727539
58200,,,,,,,,,,,,,,,,,,,,,,,,,,,,,,,0.0419197715818882,0.010740592144429684,0.0,0.0,47.96229553222656,0.0,0.0,0.0010000000474974513,0.0003000000142492354,1.0,5.026669502258301
58500,0.78369140625,0.37172865867614746,0.9871882200241089,0.6050567626953125,0.08086922019720078,0.15581881999969482,0.7882919311523438,0.17480126023292542,0.5036128759384155,0.45654296875,0.21831132471561432,0.3249731957912445,0.675079345703125,0.09047958999872208,0.21489115059375763,,,,,,,,,,,,,,,,0.02894483134150505,0.007142418064177036,0.0,0.0,46.56313705444336,0.0,0.0,0.0010000000474974513,0.0003000000142492354,1.0,5.0760979652404785
58800,,,,,,,,,,,,,,,,,,,,,,,,,,,,,,,0.03566567227244377,0.009159339591860771,0.0,0.0,48.02941131591797,0.0,0.0,0.0010000000474974513,0.0003000000142492354,1.0,5.17570686340332
59100,,,,,,,,,,,,,,,,,,,,,,,,,,,,,,,0.0438087098300457,0.011071250773966312,0.0,0.0,48.450294494628906,0.0,0.0,0.0010000000474974513,0.0003000000142492354,1.0,5.237111568450928
59400,,,,,,,,,,,,,,,,,,,,,,,,,,,,,,,0.05824501812458038,0.012367432937026024,0.0,0.0,48.5468864440918,0.0,0.0,0.0010000000474974513,0.0003000000142492354,1.0,5.303376197814941
59700,,,,,,,,,,,,,,,,,,,,,,,,,,,,,,,0.018356846645474434,0.004484227858483791,0.0,0.0,46.993690490722656,0.0,0.0,0.0010000000474974513,0.0003000000142492354,1.0,5.241072177886963
60000,0.776611328125,0.3236086666584015,0.8680058717727661,0.605010986328125,0.07611923664808273,0.14815117418766022,0.7770614624023438,0.15142513811588287,0.4277013838291168,0.4598236083984375,0.21190199255943298,0.3189683258533478,0.6724853515625,0.08741050213575363,0.2099476456642151,,,,,,,,,,,,,,,,0.03176426514983177,0.00626166770234704,0.0,0.0,48.63148880004883,0.0,0.0,0.0010000000474974513,0.0003000000142492354,1.0,5.174546241760254
60300,,,,,,,,,,,,,,,,,,,,,,,,,,,,,,,0.057944487780332565,0.010872857645154,0.0,0.0,46.555381774902344,0.0,0.0,0.0010000000474974513,0.0003000000142492354,1.0,5.213372230529785
60600,,,,,,,,,,,,,,,,,,,,,,,,,,,,,,,0.04251108318567276,0.007708670571446419,0.0,0.0,49.043418884277344,0.0,0.0,0.0010000000474974513,0.0003000000142492354,1.0,5.226252555847168
60900,,,,,,,,,,,,,,,,,,,,,,,,,,,,,,,0.03596020117402077,0.00728550273925066,0.0,0.0,47.0172004699707,0.0,0.0,0.0010000000474974513,0.0003000000142492354,1.0,5.204141616821289
61200,,,,,,,,,,,,,,,,,,,,,,,,,,,,,,,0.030561434105038643,0.007053530775010586,0.0,0.0,47.885276794433594,0.0,0.0,0.0010000000474974513,0.0003000000142492354,1.0,5.154622554779053
61500,0.787353515625,0.30858540534973145,0.8514911532402039,0.613006591796875,0.07157888263463974,0.14561867713928223,0.7685317993164062,0.15685440599918365,0.442920982837677,0.4518585205078125,0.21257874369621277,0.31498461961746216,0.6824188232421875,0.08617040514945984,0.2086917906999588,,,,,,,,,,,,,,,,0.022951766848564148,0.005639621056616306,0.0,0.0,47.258949279785156,0.0,0.0,0.0010000000474974513,0.0003000000142492354,1.0,5.153245449066162
61800,,,,,,,,,,,,,,,,,,,,,,,,,,,,,,,0.026050807908177376,0.008575063198804855,0.0,0.0,47.059078216552734,0.0,0.0,0.0010000000474974513,0.0003000000142492354,1.0,5.176001071929932
62100,,,,,,,,,,,,,,,,,,,,,,,,,,,,,,,0.026169082149863243,0.006389981601387262,0.0,0.0,47.53621292114258,0.0,0.0,0.0010000000474974513,0.0003000000142492354,1.0,5.191694259643555
62400,,,,,,,,,,,,,,,,,,,,,,,,,,,,,,,0.03604721277952194,0.01049148477613926,0.0,0.0,47.9964485168457,0.0,0.0,0.0010000000474974513,0.0003000000142492354,1.0,5.179194927215576
62700,,,,,,,,,,,,,,,,,,,,,,,,,,,,,,,0.026783255860209465,0.006015685852617025,0.0,0.0,47.85997772216797,0.0,0.0,0.0010000000474974513,0.0003000000142492354,1.0,5.186553478240967
63000,0.779541015625,0.3575040400028229,0.9352926015853882,0.62310791015625,0.06521982699632645,0.14110605418682098,0.813690185546875,0.1706489771604538,0.5344628095626831,0.4518280029296875,0.20767079293727875,0.311740517616272,0.6914825439453125,0.0803765282034874,0.20116804540157318,,,,,,,,,,,,,,,,0.021482504904270172,0.006725653074681759,0.0,0.0,47.975189208984375,0.0,0.0,0.0010000000474974513,0.0003000000142492354,1.0,5.168614864349365
63300,,,,,,,,,,,,,,,,,,,,,,,,,,,,,,,0.039798106998205185,0.0077950539998710155,0.0,0.0,47.59088897705078,0.0,0.0,0.0010000000474974513,0.0003000000142492354,1.0,5.175839900970459
63600,,,,,,,,,,,,,,,,,,,,,,,,,,,,,,,0.029647955670952797,0.009603572078049183,0.0,0.0,48.47266387939453,0.0,0.0,0.0010000000474974513,0.0003000000142492354,1.0,5.184754848480225
63900,,,,,,,,,,,,,,,,,,,,,,,,,,,,,,,0.03296273946762085,0.007087809033691883,0.0,0.0,47.7237434387207,0.0,0.0,0.0010000000474974513,0.0003000000142492354,1.0,5.218825817108154
64200,,,,,,,,,,,,,,,,,,,,,,,,,,,,,,,0.07245514541864395,0.014900118112564087,0.0,0.0,47.760311126708984,0.0,0.0,0.0010000000474974513,0.0003000000142492354,1.0,5.24170446395874
64500,0.80712890625,0.3402635157108307,0.9528682231903076,0.6493072509765625,0.06639719009399414,0.14208069443702698,0.8190536499023438,0.18125776946544647,0.5622317790985107,0.436309814453125,0.20703929662704468,0.30503347516059875,0.6898422241210938,0.08069948107004166,0.19918356835842133,,,,,,,,,,,,,,,,0.03754306584596634,0.008975613862276077,0.0,0.0,49.17911148071289,0.0,0.0,0.0010000000474974513,0.0003000000142492354,1.0,5.247520446777344
64800,,,,,,,,,,,,,,,,,,,,,,,,,,,,,,,0.042398419231176376,0.010628719814121723,0.0,0.0,47.534156799316406,0.0,0.0,0.0010000000474974513,0.0003000000142492354,1.0,5.253843307495117
65100,,,,,,,,,,,,,,,,,,,,,,,,,,,,,,,0.0721953883767128,0.018343403935432434,0.0,0.0,47.54018783569336,0.0,0.0,0.0010000000474974513,0.0003000000142492354,1.0,5.278545379638672
65400,,,,,,,,,,,,,,,,,,,,,,,,,,,,,,,0.04404748976230621,0.011544628068804741,0.0,0.0,49.551753997802734,0.0,0.0,0.0010000000474974513,0.0003000000142492354,1.0,5.281930446624756
65700,,,,,,,,,,,,,,,,,,,,,,,,,,,,,,,0.049213606864213943,0.008769173175096512,0.0,0.0,48.13432693481445,0.0,0.0,0.0010000000474974513,0.0003000000142492354,1.0,5.308027267456055
66000,0.785888671875,0.45501908659935,1.1903172731399536,0.6470489501953125,0.06462037563323975,0.1420823186635971,0.842437744140625,0.23950624465942383,0.7954723238945007,0.4533843994140625,0.20968681573867798,0.3062271773815155,0.688323974609375,0.08254633843898773,0.19993534684181213,,,,,,,,,,,,,,,,0.04517391324043274,0.009379451163113117,0.0,0.0,47.79718780517578,0.0,0.0,0.0010000000474974513,0.0003000000142492354,1.0,5.302743911743164
66300,,,,,,,,,,,,,,,,,,,,,,,,,,,,,,,0.06394286453723907,0.007772944867610931,0.0,0.0,49.81635665893555,0.0,0.0,0.0010000000474974513,0.0003000000142492354,1.0,5.271739482879639
66600,,,,,,,,,,,,,,,,,,,,,,,,,,,,,,,0.024169711396098137,0.0087007787078619,0.0,0.0,49.098331451416016,0.0,0.0,0.0010000000474974513,0.0003000000142492354,1.0,5.226608753204346
66900,,,,,,,,,,,,,,,,,,,,,,,,,,,,,,,0.0625324472784996,0.008258462883532047,0.0,0.0,48.4615592956543,0.0,0.0,0.0010000000474974513,0.0003000000142492354,1.0,5.235114574432373
67200,,,,,,,,,,,,,,,,,,,,,,,,,,,,,,,0.029178520664572716,0.008152666501700878,0.0,0.0,48.01935577392578,0.0,0.0,0.0010000000474974513,0.0003000000142492354,1.0,5.284981727600098
67500,0.751708984375,0.5335444808006287,1.2044873237609863,0.72845458984375,0.040674954652786255,0.11414109170436859,0.8514480590820312,0.27448707818984985,0.9245781302452087,0.4495086669921875,0.21127426624298096,0.30819690227508545,0.65936279296875,0.08825089037418365,0.1984175443649292,,,,,,,,,,,,,,,,0.147562637925148,0.044446296989917755,0.0,0.0,48.34202194213867,0.0,0.0,0.0010000000474974513,0.0003000000142492354,1.0,5.3788652420043945
67800,,,,,,,,,,,,,,,,,,,,,,,,,,,,,,,0.046057771891355515,0.010102454572916031,0.0,0.0,48.238433837890625,0.0,0.0,0.0010000000474974513,0.0003000000142492354,1.0,5.690412998199463
68100,,,,,,,,,,,,,,,,,,,,,,,,,,,,,,,0.021732505410909653,0.007435265928506851,0.0,0.0,50.25395965576172,1.0,0.0,0.0010000000474974513,0.0002849999873433262,1.0,5.756660461425781
68400,,,,,,,,,,,,,,,,,,,,,,,,,,,,,,,0.02765645459294319,0.005590119399130344,0.0,0.0,48.8404426574707,0.0,0.0,0.0010000000474974513,0.0002849999873433262,1.0,5.765859127044678
68700,,,,,,,,,,,,,,,,,,,,,,,,,,,,,,,0.08097267895936966,0.004418323747813702,0.0,0.0,48.64384841918945,0.0,0.0,0.0010000000474974513,0.0002849999873433262,1.0,5.708765506744385
69000,0.791015625,0.43974369764328003,1.169013500213623,0.7619171142578125,0.030200546607375145,0.12119544297456741,0.8904953002929688,0.22547584772109985,0.8606507182121277,0.465087890625,0.20596569776535034,0.30065828561782837,0.6339340209960938,0.10064712166786194,0.20239193737506866,,,,,,,,,,,,,,,,0.11941339075565338,0.004236479755491018,0.0,0.0,50.66986083984375,1.0,0.0,0.0010000000474974513,0.0002707499952521175,1.0,5.69533109664917
69300,,,,,,,,,,,,,,,,,,,,,,,,,,,,,,,0.27273035049438477,0.006203873548656702,0.0,0.0,50.12199401855469,1.0,0.0,0.0010000000474974513,0.0002572124940343201,1.0,5.75111722946167
69600,,,,,,,,,,,,,,,,,,,,,,,,,,,,,,,0.22566528618335724,0.003925486002117395,0.0,0.0,49.71521759033203,0.0,0.0,0.0010000000474974513,0.0002572124940343201,1.0,5.70817756652832
69900,,,,,,,,,,,,,,,,,,,,,,,,,,,,,,,0.1784433126449585,0.003083235817030072,0.0,0.0,50.63423156738281,1.0,0.0,0.0010000000474974513,0.000244351860601455,1.0,5.71928596496582
70200,,,,,,,,,,,,,,,,,,,,,,,,,,,,,,,0.45972537994384766,0.006234506610780954,0.0,0.0,49.94450378417969,0.0,0.0,0.0010000000474974513,0.000244351860601455,1.0,5.831432819366455
70500,0.830078125,0.6934683322906494,1.8554861545562744,0.8476409912109375,0.016559943556785583,0.14026667177677155,0.7279815673828125,1.4008747339248657,3.378957748413086,0.4507293701171875,0.21930456161499023,0.3099461495876312,0.5997848510742188,0.10674713551998138,0.20913571119308472,,,,,,,,,,,,,,,,0.6061934232711792,0.0422704704105854,0.0,0.0,50.7813606262207,1.0,0.0,0.0010000000474974513,0.00023213427630253136,1.0,6.321829795837402
70800,,,,,,,,,,,,,,,,,,,,,,,,,,,,,,,0.38487449288368225,0.01037953607738018,0.0,0.0,49.93830871582031,0.0,0.0,0.0010000000474974513,0.00023213427630253136,1.0,6.555699825286865
71100,,,,,,,,,,,,,,,,,,,,,,,,,,,,,,,0.7251469492912292,0.01718791201710701,0.0,0.0,49.39580154418945,0.0,0.0,0.0010000000474974513,0.00023213427630253136,1.0,6.4830522537231445
71400,,,,,,,,,,,,,,,,,,,,,,,,,,,,,,,0.4668194353580475,0.013101539574563503,0.0,0.0,50.537593841552734,1.0,0.0,0.0010000000474974513,0.00022052756685297936,1.0,6.481734752655029
71700,,,,,,,,,,,,,,,,,,,,,,,,,,,,,,,0.13670043647289276,0.0066231368109583855,0.0,0.0,52.1185302734375,1.0,0.0,0.0010000000474974513,0.00020950118778273463,1.0,6.444302558898926
72000,0.82958984375,0.4981022775173187,1.298864483833313,0.8243408203125,0.024187147617340088,0.15436482429504395,0.7515945434570312,0.7171207666397095,1.7261836528778076,0.4644012451171875,0.21635884046554565,0.3155354857444763,0.595703125,0.10866069793701172,0.21493001282215118,,,,,,,,,,,,,,,,0.08499102294445038,0.0069513460621237755,0.0,0.0,52.07753372192383,1.0,0.0,0.0010000000474974513,0.0001990261225728318,1.0,6.474987983703613
72300,,,,,,,,,,,,,,,,,,,,,,,,,,,,,,,0.05786340311169624,0.014568689279258251,0.0,0.0,51.96065139770508,1.0,0.0,0.0010000000474974513,0.0001890748244477436,1.0,6.4216461181640625
72600,,,,,,,,,,,,,,,,,,,,,,,,,,,,,,,0.07035429775714874,0.009657557122409344,0.0,0.0,52.91168212890625,1.0,0.0,0.0010000000474974513,0.0001796210854081437,1.0,6.380059719085693
72900,,,,,,,,,,,,,,,,,,,,,,,,,,,,,,,0.23951049149036407,0.1468425691127777,0.0,0.0,50.98517608642578,1.0,0.0,0.0010000000474974513,0.00017064002167899162,1.0,6.322823524475098
73200,,,,,,,,,,,,,,,,,,,,,,,,,,,,,,,0.42658770084381104,0.01584232598543167,0.0,0.0,50.4827766418457,1.0,0.0,0.0010000000474974513,0.00016210803005378693,1.0,6.3220953941345215
73500,0.8564453125,0.6593514680862427,1.839264988899231,0.82244873046875,0.02226666733622551,0.12728595733642578,0.8037490844726562,1.2971789836883545,3.3817083835601807,0.4674224853515625,0.2118546962738037,0.30530938506126404,0.59796142578125,0.11706873774528503,0.22268527746200562,,,,,,,,,,,,,,,,0.2351493537425995,0.12809114158153534,0.0,0.0,50.647918701171875,1.0,0.0,0.0010000000474974513,0.00015400262782350183,1.0,6.484840393066406
73800,,,,,,,,,,,,,,,,,,,,,,,,,,,,,,,0.47891759872436523,0.024637244641780853,0.0,0.0,50.810890197753906,1.0,0.0,0.0010000000474974513,0.00014630249643232673,1.0,6.4968976974487305
74100,,,,,,,,,,,,,,,,,,,,,,,,,,,,,,,0.10827895998954773,0.02499738521873951,0.0,0.0,50.661827087402344,1.0,0.0,0.0010000000474974513,0.00013898736506234854,1.0,6.607632160186768
74400,,,,,,,,,,,,,,,,,,,,,,,,,,,,,,,0.10298376530408859,0.021855495870113373,0.0,0.0,52.03980255126953,1.0,0.0,0.0010000000474974513,0.00013203799608163536,1.0,6.609513282775879
74700,,,,,,,,,,,,,,,,,,,,,,,,,,,,,,,0.2383541762828827,0.026738950982689857,0.0,0.0,51.96539306640625,1.0,0.0,0.0010000000474974513,0.0001254360977327451,1.0,6.589038848876953
75000,0.87060546875,0.7308114171028137,2.1832590103149414,0.8242034912109375,0.015311390161514282,0.10474152863025665,0.822052001953125,1.8843317031860352,5.128144264221191,0.457977294921875,0.21795955300331116,0.30910831689834595,0.5684661865234375,0.11733464896678925,0.2124030441045761,,,,,,,,,,,,,,,,0.7404615879058838,0.039133403450250626,0.0,0.0,52.006568908691406,1.0,0.0,0.0010000000474974513,0.00011916429502889514,1.0,6.677158355712891
75300,,,,,,,,,,,,,,,,,,,,,,,,,,,,,,,0.33131876587867737,0.03422628715634346,0.0,0.0,53.95502471923828,1.0,0.0,0.0010000000474974513,0.00011320607882225886,1.0,6.623498916625977
75600,,,,,,,,,,,,,,,,,,,,,,,,,,,,,,,0.928646981716156,0.03172330930829048,0.0,0.0,53.156982421875,1.0,0.0,0.0010000000474974513,0.00010754577670013532,1.0,6.582340717315674
75900,,,,,,,,,,,,,,,,,,,,,,,,,,,,,,,0.3644554615020752,0.022149011492729187,0.0,0.0,54.84846496582031,1.0,0.0,0.0010000000474974513,0.00010216848750133067,1.0,6.5430073738098145
76200,,,,,,,,,,,,,,,,,,,,,,,,,,,,,,,0.16318975389003754,0.01786755956709385,0.0,0.0,56.568389892578125,1.0,0.0,0.0010000000474974513,9.706006676424295e-05,1.0,6.523098468780518
76500,0.867919921875,0.5980491638183594,1.8983961343765259,0.8460693359375,0.017429353669285774,0.14385055005550385,0.8282852172851562,1.1700263023376465,3.2631072998046875,0.4539337158203125,0.21660257875919342,0.3040642738342285,0.5891265869140625,0.12065502256155014,0.22356879711151123,,,,,,,,,,,,,,,,0.1938684582710266,0.02168525755405426,0.0,0.0,56.23898696899414,1.0,0.0,0.0010000000474974513,9.220706124324352e-05,1.0,6.494955062866211
76800,,,,,,,,,,,,,,,,,,,,,,,,,,,,,,,0.9057525992393494,0.034687310457229614,0.0,0.0,53.348052978515625,1.0,0.0,0.0010000000474974513,8.75967089086771e-05,1.0,6.505722999572754
77100,,,,,,,,,,,,,,,,,,,,,,,,,,,,,,,0.36881157755851746,0.018645865842700005,0.0,0.0,54.47312927246094,1.0,0.0,0.0010000000474974513,8.321687346324325e-05,1.0,6.488961696624756
77400,,,,,,,,,,,,,,,,,,,,,,,,,,,,,,,0.351014643907547,0.037297941744327545,0.0,0.0,56.91373062133789,1.0,0.0,0.0010000000474974513,7.905602979008108e-05,1.0,6.527561187744141
77700,,,,,,,,,,,,,,,,,,,,,,,,,,,,,,,0.9999994039535522,0.04053138941526413,0.0,0.0,56.0816764831543,1.0,0.0,0.0010000000474974513,7.510322757298127e-05,1.0,6.511637210845947
78000,0.858642578125,0.5752905011177063,1.7736228704452515,0.8348541259765625,0.01964804157614708,0.15047849714756012,0.83087158203125,1.0155375003814697,2.8574399948120117,0.4553985595703125,0.21419139206409454,0.2987270951271057,0.59613037109375,0.1175684779882431,0.22509385645389557,,,,,,,,,,,,,,,,0.9999992847442627,0.05229795351624489,0.0,0.0,58.118263244628906,1.0,0.0,0.0010000000474974513,7.134806219255552e-05,1.0,6.5021820068359375
78300,,,,,,,,,,,,,,,,,,,,,,,,,,,,,,,0.9999993443489075,0.03419791907072067,0.0,0.0,59.45166015625,1.0,0.0,0.0010000000474974513,6.778066017432138e-05,1.0,6.466699600219727
78600,,,,,,,,,,,,,,,,,,,,,,,,,,,,,,,0.26678815484046936,0.02577662281692028,0.0,0.0,60.13034439086914,1.0,0.0,0.0010000000474974513,6.439162825699896e-05,1.0,6.457059383392334
78900,,,,,,,,,,,,,,,,,,,,,,,,,,,,,,,0.28263649344444275,0.02755742333829403,0.0,0.0,60.21529006958008,1.0,0.0,0.0010000000474974513,6.117204611655325e-05,1.0,6.458266735076904
79200,,,,,,,,,,,,,,,,,,,,,,,,,,,,,,,0.3647003173828125,0.04952702671289444,0.0,0.0,60.24478530883789,1.0,0.0,0.0010000000474974513,5.8113444538321346e-05,1.0,6.4164910316467285
79500,0.8623046875,0.528263509273529,1.6334508657455444,0.8441314697265625,0.019849466159939766,0.1539933830499649,0.8323974609375,0.8226162195205688,2.341484546661377,0.45330810546875,0.21163399517536163,0.29756125807762146,0.5889434814453125,0.11622719466686249,0.21891015768051147,,,,,,,,,,,,,,,,0.46553507447242737,0.056427087634801865,0.0,0.0,59.94636154174805,1.0,0.0,0.0010000000474974513,5.520777267520316e-05,1.0,6.385927677154541
79800,,,,,,,,,,,,,,,,,,,,,,,,,,,,,,,0.9999991655349731,0.0372006818652153,0.0,0.0,60.0410041809082,1.0,0.0,0.0010000000474974513,5.244738349574618e-05,1.0,6.431321144104004
80100,,,,,,,,,,,,,,,,,,,,,,,,,,,,,,,0.9999994039535522,0.04303959757089615,0.0,0.0,59.5661735534668,1.0,0.0,0.0010000000474974513,4.9825015594251454e-05,1.0,6.380317211151123
80400,,,,,,,,,,,,,,,,,,,,,,,,,,,,,,,0.804463803768158,0.04154285043478012,0.0,0.0,60.111976623535156,1.0,0.0,0.0010000000474974513,4.733376408694312e-05,1.0,6.385065078735352
80700,,,,,,,,,,,,,,,,,,,,,,,,,,,,,,,0.9999991655349731,0.036157626658678055,0.0,0.0,62.18913269042969,1.0,0.0,0.0010000000474974513,4.4967076973989606e-05,1.0,6.391597747802734
81000,0.85498046875,0.5292114019393921,1.6542882919311523,0.848480224609375,0.018201373517513275,0.14041736721992493,0.8390045166015625,0.7006829380989075,2.052157402038574,0.4572906494140625,0.21208779513835907,0.29728490114212036,0.5857391357421875,0.11542350053787231,0.21455852687358856,,,,,,,,,,,,,,,,0.9999991059303284,0.04816879332065582,0.0,0.0,63.174861907958984,1.0,0.0,0.0010000000474974513,4.2718722397694364e-05,1.0,6.419956207275391
81300,,,,,,,,,,,,,,,,,,,,,,,,,,,,,,,0.46514707803726196,0.0431574247777462,0.0,0.0,64.40299224853516,1.0,0.0,0.0010000000474974513,4.0582785004517063e-05,1.0,6.39366340637207
81600,,,,,,,,,,,,,,,,,,,,,,,,,,,,,,,0.22506751120090485,0.029952215030789375,0.0,0.0,64.31336212158203,1.0,0.0,0.0010000000474974513,3.8553647755179554e-05,1.0,6.375488758087158
81900,,,,,,,,,,,,,,,,,,,,,,,,,,,,,,,0.9772884845733643,0.0853436142206192,0.0,0.0,66.8163833618164,1.0,0.0,0.0010000000474974513,3.662596282083541e-05,1.0,6.403777599334717
82200,,,,,,,,,,,,,,,,,,,,,,,,,,,,,,,0.9999991655349731,0.12345506995916367,0.0,0.0,66.91268157958984,1.0,0.0,0.0010000000474974513,3.4794666134985164e-05,1.0,6.572049140930176
82500,0.867431640625,0.5116890668869019,1.673378348350525,0.862213134765625,0.01661241054534912,0.12642794847488403,0.8525314331054688,0.6785383820533752,2.0897557735443115,0.4589385986328125,0.21069814264774323,0.29723209142684937,0.58782958984375,0.11433234065771103,0.2169370949268341,,,,,,,,,,,,,,,,0.7478523254394531,0.11929198354482651,0.0,0.0,69.48897552490234,1.0,0.0,0.0010000000474974513,3.305493373773061e-05,1.0,6.553433895111084
82800,,,,,,,,,,,,,,,,,,,,,,,,,,,,,,,0.9999995231628418,0.03762504458427429,0.0,0.0,68.15388488769531,1.0,0.0,0.0010000000474974513,3.1402185413753614e-05,1.0,6.530242919921875
83100,,,,,,,,,,,,,,,,,,,,,,,,,,,,,,,0.8947498202323914,0.08201601356267929,0.0,0.0,68.69405364990234,1.0,0.0,0.0010000000474974513,2.9832077416358516e-05,1.0,6.515315055847168
83400,,,,,,,,,,,,,,,,,,,,,,,,,,,,,,,0.9999993443489075,0.052828848361968994,0.0,0.0,67.05015563964844,1.0,0.0,0.0010000000474974513,2.834047336364165e-05,1.0,6.505706787109375
83700,,,,,,,,,,,,,,,,,,,,,,,,,,,,,,,0.3757585883140564,0.0937352403998375,0.0,0.0,66.94274139404297,1.0,0.0,0.0010000000474974513,2.6923449695459567e-05,1.0,6.494965553283691
84000,0.859619140625,0.47466298937797546,1.5535749197006226,0.866943359375,0.018425270915031433,0.1317933201789856,0.8552932739257812,0.5812256336212158,1.7981539964675903,0.4553985595703125,0.20960283279418945,0.28991076350212097,0.5880050659179688,0.11365613341331482,0.21721217036247253,,,,,,,,,,,,,,,,0.9999991059303284,0.08225298672914505,0.0,0.0,67.88671112060547,1.0,0.0,0.0010000000474974513,2.5577277483535e-05,1.0,6.53809118270874
84300,,,,,,,,,,,,,,,,,,,,,,,,,,,,,,,0.9999992251396179,0.07166014611721039,0.0,0.0,69.57181549072266,1.0,0.0,0.0010000000474974513,2.429841333650984e-05,1.0,6.534713268280029
84600,,,,,,,,,,,,,,,,,,,,,,,,,,,,,,,0.9999996423721313,0.07883180677890778,0.0,0.0,70.37348175048828,1.0,0.0,0.0010000000474974513,2.3083492123987526e-05,1.0,6.525814056396484
84900,,,,,,,,,,,,,,,,,,,,,,,,,,,,,,,0.9999997019767761,0.05145063251256943,0.0,0.0,71.4356689453125,1.0,0.0,0.0010000000474974513,2.192931788158603e-05,1.0,6.564218997955322
85200,,,,,,,,,,,,,,,,,,,,,,,,,,,,,,,0.5444735288619995,0.09409380704164505,0.0,0.0,70.84628295898438,1.0,0.0,0.0010000000474974513,2.083285289700143e-05,1.0,6.535417079925537
85500,0.85107421875,0.47798433899879456,1.5300860404968262,0.8451080322265625,0.02025015652179718,0.14655335247516632,0.858489990234375,0.5578931570053101,1.7499573230743408,0.4621734619140625,0.2072872519493103,0.29007992148399353,0.5913162231445312,0.11559127271175385,0.22313494980335236,,,,,,,,,,,,,,,,0.9999996423721313,0.036273371428251266,0.0,0.0,72.13052368164062,1.0,0.0,0.0010000000474974513,1.9791208615060896e-05,1.0,6.571425437927246
85800,,,,,,,,,,,,,,,,,,,,,,,,,,,,,,,0.9999995231628418,0.08933254331350327,0.0,0.0,74.51770782470703,1.0,0.0,0.0010000000474974513,1.8801649275701493e-05,1.0,6.592288017272949
86100,,,,,,,,,,,,,,,,,,,,,,,,,,,,,,,0.9999998211860657,0.05371277779340744,0.0,0.0,75.13799285888672,1.0,0.0,0.0010000000474974513,1.7861566448118538e-05,1.0,6.59590482711792
86400,,,,,,,,,,,,,,,,,,,,,,,,,,,,,,,0.9999996423721313,0.09519468992948532,0.0,0.0,75.32862091064453,1.0,0.0,0.0010000000474974513,1.696848812571261e-05,1.0,6.581465244293213
86700,,,,,,,,,,,,,,,,,,,,,,,,,,,,,,,0.9999998211860657,0.044710032641887665,0.0,0.0,74.62154388427734,1.0,0.0,0.0010000000474974513,1.612006417417433e-05,1.0,6.560573577880859
87000,0.8642578125,0.42550551891326904,1.4163905382156372,0.8349761962890625,0.022377749904990196,0.13017457723617554,0.858184814453125,0.4858318865299225,1.5311609506607056,0.46417236328125,0.2067304253578186,0.2850985527038574,0.5977783203125,0.11248983442783356,0.22213973104953766,,,,,,,,,,,,,,,,0.9999998211860657,0.0454462505877018,0.0,0.0,74.77886199951172,1.0,0.0,0.0010000000474974513,1.5314060874516144e-05,1.0,6.596560001373291
87300,,,,,,,,,,,,,,,,,,,,,,,,,,,,,,,0.9999998211860657,0.06601380556821823,0.0,0.0,74.3868179321289,1.0,0.0,0.0010000000474974513,1.4548357285093516e-05,1.0,6.579316139221191
87600,,,,,,,,,,,,,,,,,,,,,,,,,,,,,,,0.6575465202331543,0.1206980049610138,0.0,0.0,76.26637268066406,1.0,0.0,0.0010000000474974513,1.3820939784636721e-05,1.0,6.55932092666626
87900,,,,,,,,,,,,,,,,,,,,,,,,,,,,,,,0.9999993443489075,0.12904660403728485,0.0,0.0,74.07736206054688,1.0,0.0,0.0010000000474974513,1.3129892977303825e-05,1.0,6.545802116394043
88200,,,,,,,,,,,,,,,,,,,,,,,,,,,,,,,1.0,0.05260607600212097,0.0,0.0,77.83325958251953,1.0,0.0,0.0010000000474974513,1.2473397873691283e-05,1.0,6.513997554779053
88500,0.86376953125,0.46614351868629456,1.59030020236969,0.8270111083984375,0.025286929681897163,0.14367344975471497,0.86041259765625,0.5177933573722839,1.6454614400863647,0.458587646484375,0.20860373973846436,0.2815835773944855,0.5993881225585938,0.11457179486751556,0.2212946116924286,,,,,,,,,,,,,,,,0.9999999403953552,0.03420219197869301,0.0,0.0,77.23211669921875,1.0,0.0,0.0010000000474974513,1.184972825285513e-05,1.0,6.518890380859375
88800,,,,,,,,,,,,,,,,,,,,,,,,,,,,,,,0.9999994039535522,0.08389988541603088,0.0,0.0,77.64143371582031,1.0,0.0,0.0010000000474974513,1.1257241567363963e-05,1.0,6.524315357208252
89100,,,,,,,,,,,,,,,,,,,,,,,,,,,,,,,0.9999998211860657,0.06973102688789368,0.0,0.0,80.05113983154297,1.0,0.0,0.0010000000474974513,1.0694379852793645e-05,1.0,6.5192484855651855
89400,,,,,,,,,,,,,,,,,,,,,,,,,,,,,,,0.9999996423721313,0.08032267540693283,0.0,0.0,79.99427795410156,1.0,0.0,0.0010000000474974513,1.0159660632780287e-05,1.0,6.513026237487793
89700,,,,,,,,,,,,,,,,,,,,,,,,,,,,,,,0.9999999403953552,0.05164549499750137,0.0,0.0,79.03915405273438,1.0,0.0,0.0010000000474974513,9.651677828514948e-06,1.0,6.5470476150512695
90000,0.864990234375,0.43666699528694153,1.5043213367462158,0.8189697265625,0.026735197752714157,0.15260450541973114,0.861175537109375,0.45706743001937866,1.4611399173736572,0.4653778076171875,0.2057580053806305,0.28623536229133606,0.5959396362304688,0.11426489055156708,0.22414149343967438,,,,,,,,,,,,,,,,0.9999996423721313,0.08710167557001114,0.0,0.0,79.52688598632812,1.0,0.0,0.0010000000474974513,9.16909357329132e-06,1.0,6.553476810455322
90300,,,,,,,,,,,,,,,,,,,,,,,,,,,,,,,0.9999997615814209,0.06445447355508804,0.0,0.0,85.18888092041016,1.0,0.0,0.0010000000474974513,8.71063912200043e-06,1.0,6.550498008728027
90600,,,,,,,,,,,,,,,,,,,,,,,,,,,,,,,0.9999997615814209,0.05641445517539978,0.0,0.0,82.40670013427734,1.0,0.0,0.0010000000474974513,8.275107575173024e-06,1.0,6.5553998947143555
90900,,,,,,,,,,,,,,,,,,,,,,,,,,,,,,,0.9999995231628418,0.07808978110551834,0.0,0.0,79.24117279052734,1.0,0.0,0.0010000000474974513,7.861352059990168e-06,1.0,6.685230731964111
91200,,,,,,,,,,,,,,,,,,,,,,,,,,,,,,,0.9999997615814209,0.06363154947757721,0.0,0.0,81.94351196289062,1.0,0.0,0.0010000000474974513,7.468284366041189e-06,1.0,6.678232192993164
91500,0.8662109375,0.4319559931755066,1.4646425247192383,0.821502685546875,0.026730621233582497,0.15960907936096191,0.8614654541015625,0.42682725191116333,1.3806780576705933,0.4662628173828125,0.20444418489933014,0.28308653831481934,0.5885772705078125,0.11072744429111481,0.21835339069366455,,,,,,,,,,,,,,,,0.9999998807907104,0.05171087384223938,0.0,0.0,82.21346282958984,1.0,0.0,0.0010000000474974513,7.094869943102822e-06,1.0,6.714688301086426
91800,,,,,,,,,,,,,,,,,,,,,,,,,,,,,,,0.9999991655349731,0.1329946368932724,0.0,0.0,80.6325454711914,1.0,0.0,0.0010000000474974513,6.740126536897151e-06,1.0,6.712621212005615
92100,,,,,,,,,,,,,,,,,,,,,,,,,,,,,,,0.9999995827674866,0.058998510241508484,0.0,0.0,80.71411895751953,1.0,0.0,0.0010000000474974513,6.4031200963654555e-06,1.0,6.688193321228027
92400,,,,,,,,,,,,,,,,,,,,,,,,,,,,,,,0.9999995231628418,0.09849593788385391,0.0,0.0,78.47406768798828,1.0,0.0,0.0010000000474974513,6.082964318920858e-06,1.0,6.67171049118042
92700,,,,,,,,,,,,,,,,,,,,,,,,,,,,,,,0.9999995231628418,0.08570769429206848,0.0,0.0,76.0482177734375,1.0,0.0,0.0010000000474974513,5.778816102974815e-06,1.0,6.702295303344727
93000,0.866455078125,0.4239502549171448,1.4428516626358032,0.81475830078125,0.02562960796058178,0.1566874235868454,0.8648681640625,0.41878557205200195,1.3760747909545898,0.4694976806640625,0.2037072479724884,0.2857542335987091,0.5796051025390625,0.11161157488822937,0.21885082125663757,,,,,,,,,,,,,,,,0.9999995231628418,0.09990306943655014,0.0,0.0,76.0742416381836,1.0,0.0,0.0010000000474974513,5.489875093189767e-06,1.0,6.731407642364502
93300,,,,,,,,,,,,,,,,,,,,,,,,,,,,,,,0.9999995827674866,0.0678987205028534,0.0,0.0,74.57405853271484,1.0,0.0,0.0010000000474974513,5.215381406742381e-06,1.0,6.715496063232422
93600,,,,,,,,,,,,,,,,,,,,,,,,,,,,,,,0.999999463558197,0.04803946986794472,0.0,0.0,75.16011810302734,1.0,0.0,0.0010000000474974513,4.9546124500921e-06,1.0,6.787716865539551
93900,,,,,,,,,,,,,,,,,,,,,,,,,,,,,,,0.9945632219314575,0.11919017136096954,0.0,0.0,75.76537322998047,1.0,0.0,0.0010000000474974513,4.706881554739084e-06,1.0,6.7773308753967285
94200,,,,,,,,,,,,,,,,,,,,,,,,,,,,,,,0.9999995231628418,0.05917927250266075,0.0,0.0,73.85645294189453,1.0,0.0,0.0010000000474974513,4.471537522476865e-06,1.0,6.828765869140625
94500,0.866943359375,0.43844476342201233,1.4518235921859741,0.8218994140625,0.02681032568216324,0.1627715826034546,0.86456298828125,0.4167706072330475,1.3880095481872559,0.4617767333984375,0.2046186625957489,0.28399863839149475,0.5838088989257812,0.11014159023761749,0.2175811380147934,,,,,,,,,,,,,,,,0.9999999403953552,0.033508870750665665,0.0,0.0,74.41580200195312,1.0,0.0,0.0010000000474974513,4.247960532666184e-06,1.0,6.869803428649902
94800,,,,,,,,,,,,,,,,,,,,,,,,,,,,,,,0.9999995231628418,0.052028343081474304,0.0,0.0,74.26020812988281,1.0,0.0,0.0010000000474974513,4.035562596982345e-06,1.0,6.843302249908447
95100,,,,,,,,,,,,,,,,,,,,,,,,,,,,,,,0.5030560493469238,0.05864415317773819,0.0,0.0,75.0592041015625,1.0,0.0,0.0010000000474974513,3.8337843761837576e-06,1.0,6.824810981750488
95400,,,,,,,,,,,,,,,,,,,,,,,,,,,,,,,0.9999997019767761,0.03359624743461609,0.0,0.0,75.5217514038086,1.0,0.0,0.0010000000474974513,3.6420954074856127e-06,1.0,6.855794429779053
95700,,,,,,,,,,,,,,,,,,,,,,,,,,,,,,,0.9999996423721313,0.05132893845438957,0.0,0.0,72.56790924072266,1.0,0.0,0.0010000000474974513,3.4599904665810755e-06,1.0,6.879053115844727
96000,0.861572265625,0.4487842619419098,1.4827040433883667,0.817962646484375,0.026176825165748596,0.16657450795173645,0.864990234375,0.4134742319583893,1.3876618146896362,0.4668731689453125,0.20549993216991425,0.28626084327697754,0.585174560546875,0.11332371085882187,0.22216007113456726,,,,,,,,,,,,,,,,0.4568759500980377,0.061459604650735855,0.0,0.0,75.63739013671875,1.0,0.0,0.0010000000474974513,3.286990931883338e-06,1.0,6.8528852462768555
96300,,,,,,,,,,,,,,,,,,,,,,,,,,,,,,,0.9999996423721313,0.053030479699373245,0.0,0.0,75.62824249267578,1.0,0.0,0.0010000000474974513,3.1226413739204872e-06,1.0,6.829965591430664
96600,,,,,,,,,,,,,,,,,,,,,,,,,,,,,,,0.9999997019767761,0.04107442498207092,0.0,0.0,74.92386627197266,1.0,0.0,0.0010000000474974513,2.9665093279618304e-06,1.0,6.815408706665039
96900,,,,,,,,,,,,,,,,,,,,,,,,,,,,,,,0.999999463558197,0.0542408712208271,0.0,0.0,77.46379852294922,1.0,0.0,0.0010000000474974513,2.8181839297758415e-06,1.0,6.802644729614258
97200,,,,,,,,,,,,,,,,,,,,,,,,,,,,,,,0.9999998807907104,0.03565748780965805,0.0,0.0,74.27684020996094,1.0,0.0,0.0010000000474974513,2.6772747787617845e-06,1.0,6.852418899536133
97500,0.859619140625,0.45783084630966187,1.4884086847305298,0.817474365234375,0.025917232036590576,0.17267702519893646,0.8658905029296875,0.40641725063323975,1.3871197700500488,0.4635772705078125,0.20525699853897095,0.28600946068763733,0.584228515625,0.1113714873790741,0.2199217677116394,,,,,,,,,,,,,,,,0.9999996423721313,0.054875362664461136,0.0,0.0,76.88835906982422,1.0,0.0,0.0010000000474974513,2.5434110284550115e-06,1.0,6.868054389953613
97800,,,,,,,,,,,,,,,,,,,,,,,,,,,,,,,0.9999992251396179,0.056271862238645554,0.0,0.0,76.11699676513672,1.0,0.0,0.0010000000474974513,2.416240477032261e-06,1.0,6.8798651695251465
98100,,,,,,,,,,,,,,,,,,,,,,,,,,,,,,,0.9999991655349731,0.08872806280851364,0.0,0.0,74.44583129882812,1.0,0.0,0.0010000000474974513,2.2954284304432804e-06,1.0,6.878445625305176
98400,,,,,,,,,,,,,,,,,,,,,,,,,,,,,,,0.9999995231628418,0.03826607018709183,0.0,0.0,76.56071472167969,1.0,0.0,0.0010000000474974513,2.1806570202898e-06,1.0,6.899472236633301
98700,,,,,,,,,,,,,,,,,,,,,,,,,,,,,,,0.7581570148468018,0.06660357862710953,0.0,0.0,74.98970794677734,1.0,0.0,0.0010000000474974513,2.071624066957156e-06,1.0,6.87998628616333
99000,0.86181640625,0.4333755671977997,1.4337354898452759,0.818756103515625,0.02684922330081463,0.17053891718387604,0.8637619018554688,0.3806264400482178,1.289105772972107,0.457733154296875,0.206963449716568,0.2835909128189087,0.5866470336914062,0.11008451879024506,0.21932706236839294,,,,,,,,,,,,,,,,0.9702383279800415,0.0771389901638031,0.0,0.0,76.09314727783203,1.0,0.0,0.0010000000474974513,1.9680428522406146e-06,1.0,6.854986190795898
99300,,,,,,,,,,,,,,,,,,,,,,,,,,,,,,,0.7236956357955933,0.09060628712177277,0.0,0.0,76.37730407714844,1.0,0.0,0.0010000000474974513,1.869640755103319e-06,1.0,6.841608047485352
99600,,,,,,,,,,,,,,,,,,,,,,,,,,,,,,,0.8565971255302429,0.10554158687591553,0.0,0.0,75.64099884033203,1.0,0.0,0.0010000000474974513,1.7761587969289394e-06,1.0,6.831686019897461
99900,,,,,,,,,,,,,,,,,,,,,,,,,,,,,,,0.4134083688259125,0.07635310292243958,0.0,0.0,75.358154296875,1.0,0.0,0.0010000000474974513,1.6873508457138087e-06,1.0,6.824656009674072
100200,,,,,,,,,,,,,,,,,,,,,,,,,,,,,,,0.9999995231628418,0.07329884171485901,0.0,0.0,76.38766479492188,1.0,0.0,0.0010000000474974513,1.6029832750064088e-06,1.0,6.855434417724609
100500,0.870361328125,0.4227328300476074,1.4247796535491943,0.820037841796875,0.02761373296380043,0.16300061345100403,0.8646087646484375,0.39120227098464966,1.3162137269973755,0.456146240234375,0.20741716027259827,0.2813272774219513,0.5823287963867188,0.11017997562885284,0.21728022396564484,,,,,,,,,,,,,,,,0.5426152944564819,0.08146841078996658,0.0,0.0,74.51414489746094,1.0,0.0,0.0010000000474974513,1.5228341680995072e-06,1.0,6.894665241241455
100800,,,,,,,,,,,,,,,,,,,,,,,,,,,,,,,0.9999992847442627,0.07236161828041077,0.0,0.0,75.1969223022461,1.0,0.0,0.0010000000474974513,1.4466924085354549e-06,1.0,6.889105319976807
101100,,,,,,,,,,,,,,,,,,,,,,,,,,,,,,,0.9999991059303284,0.11851894855499268,0.0,0.0,77.18426513671875,1.0,0.0,0.0010000000474974513,1.374357793793024e-06,1.0,6.868234634399414
101400,,,,,,,,,,,,,,,,,,,,,,,,,,,,,,,0.999999463558197,0.06756173074245453,0.0,0.0,75.87474822998047,1.0,0.0,0.0010000000474974513,1.305639898419031e-06,1.0,6.858715057373047
101700,,,,,,,,,,,,,,,,,,,,,,,,,,,,,,,0.9999997615814209,0.03548088297247887,0.0,0.0,74.66126251220703,1.0,0.0,0.0010000000474974513,1.2403579603414983e-06,1.0,6.853694438934326
102000,0.87255859375,0.4033533036708832,1.3615602254867554,0.8207550048828125,0.028111889958381653,0.1543670892715454,0.8640975952148438,0.36673223972320557,1.2211395502090454,0.4597625732421875,0.20795172452926636,0.2818377614021301,0.5952529907226562,0.10890715569257736,0.21967560052871704,,,,,,,,,,,,,,,,0.9999992847442627,0.1109096109867096,0.0,0.0,76.96552276611328,1.0,0.0,0.0010000000474974513,1.1783399713749532e-06,1.0,6.834908485412598
102300,,,,,,,,,,,,,,,,,,,,,,,,,,,,,,,0.9999997019767761,0.04384981095790863,0.0,0.0,76.47563171386719,1.0,0.0,0.0010000000474974513,1.1194230182809406e-06,1.0,6.835916519165039
102600,,,,,,,,,,,,,,,,,,,,,,,,,,,,,,,0.5526095628738403,0.09465519338846207,0.0,0.0,76.98502349853516,1.0,0.0,0.0010000000474974513,1.0634519185259705e-06,1.0,6.826206207275391
102900,,,,,,,,,,,,,,,,,,,,,,,,,,,,,,,0.9999996423721313,0.08137530833482742,0.0,0.0,77.54178619384766,1.0,0.0,0.0010000000474974513,1.010279220281518e-06,1.0,6.823082447052002
103200,,,,,,,,,,,,,,,,,,,,,,,,,,,,,,,0.9999994039535522,0.09309728443622589,0.0,0.0,77.03836059570312,1.0,0.0,0.0010000000474974513,9.59765316110861e-07,1.0,6.8171067237854
103500,0.86376953125,0.4005935788154602,1.3598084449768066,0.82904052734375,0.02758607640862465,0.15975946187973022,0.8655548095703125,0.38057589530944824,1.2797954082489014,0.4642333984375,0.20510932803153992,0.27884578704833984,0.5983810424804688,0.1043386310338974,0.21466577053070068,,,,,,,,,,,,,,,,0.9999997019767761,0.04669779911637306,0.0,0.0,77.05085754394531,1.0,0.0,0.0010000000474974513,9.117770218836085e-07,1.0,6.809417247772217
103800,,,,,,,,,,,,,,,,,,,,,,,,,,,,,,,0.9999998211860657,0.03632441163063049,0.0,0.0,77.90258026123047,1.0,0.0,0.0010000000474974513,8.661882020533085e-07,1.0,6.8243279457092285
104100,,,,,,,,,,,,,,,,,,,,,,,,,,,,,,,0.9999992251396179,0.09696314483880997,0.0,0.0,76.12947082519531,1.0,0.0,0.0010000000474974513,8.228788033193268e-07,1.0,6.834717750549316
104400,,,,,,,,,,,,,,,,,,,,,,,,,,,,,,,0.9999992847442627,0.10851871967315674,0.0,0.0,77.55909729003906,1.0,0.0,0.0010000000474974513,7.817348546268477e-07,1.0,6.8877739906311035
104700,,,,,,,,,,,,,,,,,,,,,,,,,,,,,,,0.8618391156196594,0.11468882113695145,0.0,0.0,76.8372573852539,1.0,0.0,0.0010000000474974513,7.4264812610636e-07,1.0,6.959555625915527
105000,0.865478515625,0.3867490887641907,1.3186540603637695,0.82708740234375,0.02701743133366108,0.16402648389339447,0.8646774291992188,0.3608597218990326,1.231299877166748,0.4644775390625,0.20433656871318817,0.28296440839767456,0.5962753295898438,0.10388549417257309,0.21871450543403625,,,,,,,,,,,,,,,,0.9999995231628418,0.06104186549782753,0.0,0.0,77.23119354248047,1.0,0.0,0.0010000000474974513,7.055156743263069e-07,1.0,6.960932731628418
105300,,,,,,,,,,,,,,,,,,,,,,,,,,,,,,,0.9999991059303284,0.09718678891658783,0.0,0.0,77.36637115478516,1.0,0.0,0.0010000000474974513,6.702398991365044e-07,1.0,6.991167068481445
105600,,,,,,,,,,,,,,,,,,,,,,,,,,,,,,,0.9999994039535522,0.06400135904550552,0.0,0.0,76.68419647216797,1.0,0.0,0.0010000000474974513,6.367279183905339e-07,1.0,7.029797554016113
105900,,,,,,,,,,,,,,,,,,,,,,,,,,,,,,,0.9999996423721313,0.0548238605260849,0.0,0.0,76.2344741821289,1.0,0.0,0.0010000000474974513,6.048915111023234e-07,1.0,7.019639015197754
106200,,,,,,,,,,,,,,,,,,,,,,,,,,,,,,,0.8209662437438965,0.10294309258460999,0.0,0.0,76.4657211303711,1.0,0.0,0.0010000000474974513,5.74646946915891e-07,1.0,7.004484176635742
106500,0.8662109375,0.3826024830341339,1.3000491857528687,0.8194122314453125,0.02746068499982357,0.1651064157485962,0.8645477294921875,0.35502350330352783,1.2006720304489136,0.4638519287109375,0.20486441254615784,0.2821701765060425,0.5918502807617188,0.1045638769865036,0.21697665750980377,,,,,,,,,,,,,,,,0.9999990463256836,0.08675818890333176,0.0,0.0,78.20121765136719,1.0,0.0,0.0010000000474974513,5.459145882014127e-07,1.0,6.991211891174316
106800,,,,,,,,,,,,,,,,,,,,,,,,,,,,,,,0.9999995827674866,0.08958839625120163,0.0,0.0,78.52811431884766,1.0,0.0,0.0010000000474974513,5.186188900552224e-07,1.0,6.97844123840332
107100,,,,,,,,,,,,,,,,,,,,,,,,,,,,,,,0.9999992251396179,0.12074301391839981,0.0,0.0,77.27073669433594,1.0,0.0,0.0010000000474974513,4.926879455524613e-07,1.0,6.973238468170166
107400,,,,,,,,,,,,,,,,,,,,,,,,,,,,,,,0.9999993443489075,0.06377672404050827,0.0,0.0,76.96205139160156,1.0,0.0,0.0010000000474974513,4.6805351416878693e-07,1.0,6.9625773429870605
107700,,,,,,,,,,,,,,,,,,,,,,,,,,,,,,,0.852572500705719,0.08719778805971146,0.0,0.0,77.27595520019531,1.0,0.0,0.0010000000474974513,4.4465085125011683e-07,1.0,6.950945854187012
108000,0.863525390625,0.3852350413799286,1.295553207397461,0.82073974609375,0.027219513431191444,0.165736123919487,0.8672866821289062,0.3440052270889282,1.179449200630188,0.4655609130859375,0.20235881209373474,0.2848046123981476,0.5938644409179688,0.10299918800592422,0.21903543174266815,,,,,,,,,,,,,,,,0.999999463558197,0.06383014470338821,0.0,0.0,77.71046447753906,1.0,0.0,0.0010000000474974513,4.2241831010869646e-07,1.0,6.952908515930176
108300,,,,,,,,,,,,,,,,,,,,,,,,,,,,,,,0.9999997615814209,0.04824232682585716,0.0,0.0,76.43912506103516,1.0,0.0,0.0010000000474974513,4.0129739886651805e-07,1.0,6.946593761444092
108600,,,,,,,,,,,,,,,,,,,,,,,,,,,,,,,0.9999997615814209,0.0422319658100605,0.0,0.0,77.25135040283203,1.0,0.0,0.0010000000474974513,3.8123252465993573e-07,1.0,6.938320159912109
